player_link,pob_lat,pob_lon,pob_code,pob,pob_uk
https://en.wikipedia.org/wiki/Hugo_Lloris,43.7,7.25,FR,France,NA
https://en.wikipedia.org/wiki/Christophe_Jallet,45.7,-0.333333333333333,FR,France,NA
https://en.wikipedia.org/wiki/Patrice_Evra,14.6833333333333,-17.4333333333333,SN,Senegal,NA
https://en.wikipedia.org/wiki/Adil_Rami,42.7,9.45,FR,France,NA
https://en.wikipedia.org/wiki/N%27Golo_Kant%C3%A9,48.85,2.35,FR,France,NA
https://en.wikipedia.org/wiki/Yohan_Cabaye,50.7166666666667,3.1,FR,France,NA
https://en.wikipedia.org/wiki/Antoine_Griezmann,46.3,4.81666666666667,FR,France,NA
https://en.wikipedia.org/wiki/Dimitri_Payet,-21.3333333333333,55.4666666666667,RE,Réunion,NA
https://en.wikipedia.org/wiki/Olivier_Giroud,45.5666666666667,5.9,FR,France,NA
https://en.wikipedia.org/wiki/Andr%C3%A9-Pierre_Gignac,43.4,5.03333333333333,FR,France,NA
https://en.wikipedia.org/wiki/Anthony_Martial,48.7166666666667,2.26666666666667,FR,France,NA
https://en.wikipedia.org/wiki/Morgan_Schneiderlin,48.3833333333333,7.48333333333333,FR,France,NA
https://en.wikipedia.org/wiki/Eliaquim_Mangala,48.9166666666667,2.25,FR,France,NA
https://en.wikipedia.org/wiki/Blaise_Matuidi,43.6,1.43333333333333,FR,France,NA
https://en.wikipedia.org/wiki/Paul_Pogba,48.8666666666667,2.7,FR,France,NA
https://en.wikipedia.org/wiki/Steve_Mandanda,-4.31666666666667,15.3166666666667,CD,"Congo, The Democratic Republic of the",NA
https://en.wikipedia.org/wiki/Lucas_Digne,48.95,2.88333333333333,FR,France,NA
https://en.wikipedia.org/wiki/Moussa_Sissoko,48.9333333333333,2.45,FR,France,NA
https://en.wikipedia.org/wiki/Bacary_Sagna,48.1833333333333,3.28333333333333,FR,France,NA
https://en.wikipedia.org/wiki/Kingsley_Coman,48.85,2.35,FR,France,NA
https://en.wikipedia.org/wiki/Laurent_Koscielny,45.2666666666667,1.75,FR,France,NA
https://en.wikipedia.org/wiki/Samuel_Umtiti,3.86666666666667,11.5166666666667,CM,Cameroon,NA
https://en.wikipedia.org/wiki/Beno%C3%AEt_Costil,49.1833333333333,-0.366666666666667,FR,France,NA
https://en.wikipedia.org/wiki/Costel_Pantilimon,46.5833333333333,26.9166666666667,RO,Romania,NA
https://en.wikipedia.org/wiki/Alexandru_M%C4%83%C8%9Bel,44.1666666666667,28.6333333333333,RO,Romania,NA
https://en.wikipedia.org/wiki/R%C4%83zvan_Ra%C8%9B,44.3666666666667,24.2666666666667,RO,Romania,NA
https://en.wikipedia.org/wiki/Cosmin_Mo%C8%9Bi,45.3,21.8833333333333,RO,Romania,NA
https://en.wikipedia.org/wiki/Ovidiu_Hoban,47.6666666666667,23.5833333333333,RO,Romania,NA
https://en.wikipedia.org/wiki/Vlad_Chiriche%C8%99,46.5833333333333,26.9166666666667,RO,Romania,NA
https://en.wikipedia.org/wiki/Alexandru_Chipciu,45.2666666666667,27.95,RO,Romania,NA
https://en.wikipedia.org/wiki/Mihai_Pintilii,47.15,27.5833333333333,RO,Romania,NA
https://en.wikipedia.org/wiki/Denis_Alibec,43.8166666666667,28.5666666666667,RO,Romania,NA
https://en.wikipedia.org/wiki/Nicu%C8%99or_Stanciu,46.1833333333333,23.5666666666667,RO,Romania,NA
https://en.wikipedia.org/wiki/Gabriel_Torje,45.75,21.2166666666667,RO,Romania,NA
https://en.wikipedia.org/wiki/Ciprian_T%C4%83t%C4%83ru%C8%99anu,44.4166666666667,26.1,RO,Romania,NA
https://en.wikipedia.org/wiki/Claudiu_Ke%C8%99er%C3%BC,47.0666666666667,21.9166666666667,RO,Romania,NA
https://en.wikipedia.org/wiki/Florin_Andone,47.7333333333333,26.6666666666667,RO,Romania,NA
https://en.wikipedia.org/wiki/Valeric%C4%83_G%C4%83man,44.0166666666667,23.35,RO,Romania,NA
https://en.wikipedia.org/wiki/Steliano_Filip,45.1666666666667,26.8166666666667,RO,Romania,NA
https://en.wikipedia.org/wiki/Lucian_S%C3%A2nm%C4%83rtean,47.1333333333333,24.5,RO,Romania,NA
https://en.wikipedia.org/wiki/Andrei_Prepeli%C8%9B%C4%83,44.4166666666667,24.35,RO,Romania,NA
https://en.wikipedia.org/wiki/Bogdan_Stancu,44.85,24.8666666666667,RO,Romania,NA
"https://en.wikipedia.org/wiki/Adrian_Popa_(footballer,_born_1988)",44.4166666666667,26.1,RO,Romania,NA
https://en.wikipedia.org/wiki/Drago%C8%99_Grigore,46.6333333333333,27.7166666666667,RO,Romania,NA
https://en.wikipedia.org/wiki/Cristian_S%C4%83punaru,44.4166666666667,26.1,RO,Romania,NA
https://en.wikipedia.org/wiki/Silviu_Lung_Jr.,44.3333333333333,23.8166666666667,RO,Romania,NA
https://en.wikipedia.org/wiki/Etrit_Berisha,42.6666666666667,21.1666666666667,XK,Kosovo,NA
https://en.wikipedia.org/wiki/Andi_Lila,41.1833333333333,19.55,AL,Albania,NA
https://en.wikipedia.org/wiki/Ermir_Lenjani,42.45,21.4666666666667,XK,Kosovo,NA
https://en.wikipedia.org/wiki/Elseid_Hysaj,42.0666666666667,19.5,AL,Albania,NA
https://en.wikipedia.org/wiki/Lorik_Cana,42.6666666666667,21.1666666666667,XK,Kosovo,NA
https://en.wikipedia.org/wiki/Freddie_Veseli,46.5333333333333,6.58333333333333,CH,Switzerland,NA
https://en.wikipedia.org/wiki/Ansi_Agolli,41.3166666666667,19.8166666666667,AL,Albania,NA
https://en.wikipedia.org/wiki/Migjen_Basha,46.5198333333333,6.6335,CH,Switzerland,NA
https://en.wikipedia.org/wiki/Ledian_Memushaj,40.465,19.485,AL,Albania,NA
https://en.wikipedia.org/wiki/Armando_Sadiku,41.0333333333333,19.9833333333333,AL,Albania,NA
https://en.wikipedia.org/wiki/Shk%C3%ABlzen_Gashi,47.3666666666667,8.55,CH,Switzerland,NA
https://en.wikipedia.org/wiki/Orges_Shehi,41.3166666666667,19.45,AL,Albania,NA
https://en.wikipedia.org/wiki/Burim_Kukeli,42.3833333333333,20.4333333333333,XK,Kosovo,NA
https://en.wikipedia.org/wiki/Taulant_Xhaka,47.5666666666667,7.6,CH,Switzerland,NA
https://en.wikipedia.org/wiki/M%C3%ABrgim_Mavraj,50.1333333333333,8.91666666666667,DE,Germany,NA
https://en.wikipedia.org/wiki/Sokol_Cikalleshi,41.1833333333333,19.55,AL,Albania,NA
https://en.wikipedia.org/wiki/Naser_Aliji,42.1333333333333,21.7166666666667,MK,"Macedonia, Republic of",NA
https://en.wikipedia.org/wiki/Arlind_Ajeti,47.5666666666667,7.6,CH,Switzerland,NA
https://en.wikipedia.org/wiki/Bekim_Balaj,42.2333333333333,19.5333333333333,AL,Albania,NA
https://en.wikipedia.org/wiki/Ergys_Ka%C3%A7e,40.6166666666667,20.7666666666667,AL,Albania,NA
https://en.wikipedia.org/wiki/Odise_Roshi,40.7166666666667,19.55,AL,Albania,NA
https://en.wikipedia.org/wiki/Amir_Abrashi,47.5,9.23333333333333,CH,Switzerland,NA
https://en.wikipedia.org/wiki/Alban_Hoxha,41.0333333333333,19.9833333333333,AL,Albania,NA
https://en.wikipedia.org/wiki/Yann_Sommer,46.5166666666667,6.5,CH,Switzerland,NA
https://en.wikipedia.org/wiki/Stephan_Lichtsteiner,47.0666666666667,8.36666666666667,CH,Switzerland,NA
https://en.wikipedia.org/wiki/Fran%C3%A7ois_Moubandje,4.05,9.68333333333333,CM,Cameroon,NA
https://en.wikipedia.org/wiki/Nico_Elvedi,47.3666666666667,8.55,CH,Switzerland,NA
https://en.wikipedia.org/wiki/Steve_von_Bergen,47,6.93333333333333,CH,Switzerland,NA
https://en.wikipedia.org/wiki/Michael_Lang_(footballer),47.55,9.38333333333333,CH,Switzerland,NA
https://en.wikipedia.org/wiki/Breel_Embolo,3.86666666666667,11.5166666666667,CM,Cameroon,NA
https://en.wikipedia.org/wiki/Fabian_Frei,47.55,8.9,CH,Switzerland,NA
https://en.wikipedia.org/wiki/Haris_Seferovi%C4%87,47.1666666666667,8.11666666666667,CH,Switzerland,NA
https://en.wikipedia.org/wiki/Granit_Xhaka,47.5666666666667,7.6,CH,Switzerland,NA
https://en.wikipedia.org/wiki/Valon_Behrami,42.8833333333333,20.8666666666667,XK,Kosovo,NA
https://en.wikipedia.org/wiki/Marwin_Hitz,47.4166666666667,9.36666666666667,CH,Switzerland,NA
https://en.wikipedia.org/wiki/Ricardo_Rodr%C3%ADguez_(footballer),47.3666666666667,8.55,CH,Switzerland,NA
https://en.wikipedia.org/wiki/Denis_Zakaria,46.2,6.15,CH,Switzerland,NA
https://en.wikipedia.org/wiki/Blerim_D%C5%BEemaili,42,20.9666666666667,MK,"Macedonia, Republic of",NA
https://en.wikipedia.org/wiki/G%C3%A9lson_Fernandes,14.9166666666667,-23.5,CV,Cape Verde,NA
https://en.wikipedia.org/wiki/Shani_Tarashaj,47.25,8.53333333333333,CH,Switzerland,NA
https://en.wikipedia.org/wiki/Admir_Mehmedi,41.8,20.9166666666667,MK,"Macedonia, Republic of",NA
https://en.wikipedia.org/wiki/Eren_Derdiyok,47.5666666666667,7.6,CH,Switzerland,NA
https://en.wikipedia.org/wiki/Johan_Djourou,5.31666666666667,-4.03333333333333,CI,Côte d'Ivoire,NA
https://en.wikipedia.org/wiki/Roman_B%C3%BCrki,46.8666666666667,7.56666666666667,CH,Switzerland,NA
https://en.wikipedia.org/wiki/Fabian_Sch%C3%A4r,47.4666666666667,9.05,CH,Switzerland,NA
https://en.wikipedia.org/wiki/Xherdan_Shaqiri,42.45,21.4666666666667,XK,Kosovo,NA
https://en.wikipedia.org/wiki/Joe_Hart,52.7,-2.75,GB,England,England
https://en.wikipedia.org/wiki/Kyle_Walker,53.3833333333333,-1.46666666666667,GB,England,England
"https://en.wikipedia.org/wiki/Danny_Rose_(footballer,_born_1990)",53.5,-1.11666666666667,GB,England,England
https://en.wikipedia.org/wiki/James_Milner,53.7833333333333,-1.58333333333333,GB,England,England
https://en.wikipedia.org/wiki/Gary_Cahill,53.3,-1.45,GB,England,England
https://en.wikipedia.org/wiki/Chris_Smalling,51.4833333333333,0,GB,England,England
https://en.wikipedia.org/wiki/Raheem_Sterling,17.9833333333333,-76.8,JM,Jamaica,NA
https://en.wikipedia.org/wiki/Adam_Lallana,51.75,-0.333333333333333,GB,England,England
https://en.wikipedia.org/wiki/Harry_Kane,51.6166666666667,0,GB,England,England
https://en.wikipedia.org/wiki/Wayne_Rooney,53.4333333333333,-2.9,GB,England,England
https://en.wikipedia.org/wiki/Jamie_Vardy,53.3833333333333,-1.46666666666667,GB,England,England
https://en.wikipedia.org/wiki/Nathaniel_Clyne,51.45,-0.116666666666667,GB,England,England
https://en.wikipedia.org/wiki/Fraser_Forster,54.9666666666667,-2.1,GB,England,England
https://en.wikipedia.org/wiki/Jordan_Henderson,54.9,-1.36666666666667,GB,England,England
https://en.wikipedia.org/wiki/Daniel_Sturridge,52.4666666666667,-1.88333333333333,GB,England,England
https://en.wikipedia.org/wiki/John_Stones,53.55,-1.46666666666667,GB,England,England
https://en.wikipedia.org/wiki/Eric_Dier,51.8833333333333,-2.06666666666667,GB,England,England
https://en.wikipedia.org/wiki/Jack_Wilshere,51.9,-0.2,GB,England,England
https://en.wikipedia.org/wiki/Ross_Barkley,53.4,-2.98333333333333,GB,England,England
https://en.wikipedia.org/wiki/Dele_Alli,52.0333333333333,-0.766666666666667,GB,England,England
https://en.wikipedia.org/wiki/Ryan_Bertrand,51.4833333333333,-0.0833333333333333,GB,England,England
https://en.wikipedia.org/wiki/Marcus_Rashford,53.3833333333333,-2.25,GB,England,England
https://en.wikipedia.org/wiki/Tom_Heaton,53.1833333333333,-2.88333333333333,GB,England,England
https://en.wikipedia.org/wiki/Igor_Akinfeev,55.55,37.7166666666667,RU,Russian Federation,NA
https://en.wikipedia.org/wiki/Roman_Shishkin,51.6666666666667,39.2,RU,Russian Federation,NA
https://en.wikipedia.org/wiki/Igor_Smolnikov,56.4,61.9333333333333,RU,Russian Federation,NA
https://en.wikipedia.org/wiki/Sergei_Ignashevich,55.75,37.6166666666667,RU,Russian Federation,NA
https://en.wikipedia.org/wiki/Roman_Neust%C3%A4dter,48.45,34.9833333333333,UA,Ukraine,NA
https://en.wikipedia.org/wiki/Aleksei_Berezutski,55.75,37.6166666666667,RU,Russian Federation,NA
https://en.wikipedia.org/wiki/Artur_Rimovich_Yusupov,53.2,50.1333333333333,RU,Russian Federation,NA
https://en.wikipedia.org/wiki/Denis_Glushakov,48.9166666666667,40.3833333333333,RU,Russian Federation,NA
https://en.wikipedia.org/wiki/Aleksandr_Kokorin,50.2166666666667,38.1,RU,Russian Federation,NA
https://en.wikipedia.org/wiki/Fyodor_Smolov,51.5333333333333,46.0166666666667,RU,Russian Federation,NA
https://en.wikipedia.org/wiki/Pavel_Mamayev,55.75,37.6166666666667,RU,Russian Federation,NA
https://en.wikipedia.org/wiki/Yuri_Lodygin,56.1333333333333,40.4166666666667,RU,Russian Federation,NA
https://en.wikipedia.org/wiki/Aleksandr_Golovin_(footballer),53.5166666666667,87.2833333333333,RU,Russian Federation,NA
https://en.wikipedia.org/wiki/Vasili_Berezutski,55.75,37.6166666666667,RU,Russian Federation,NA
https://en.wikipedia.org/wiki/Roman_Shirokov,55.85,37.1166666666667,RU,Russian Federation,NA
https://en.wikipedia.org/wiki/Guilherme_Marinato,-21.4,-42.6833333333333,BR,Brazil,NA
https://en.wikipedia.org/wiki/Oleg_Shatov,57.9166666666667,59.9666666666667,RU,Russian Federation,NA
https://en.wikipedia.org/wiki/Oleg_Ivanov,55.75,37.6166666666667,RU,Russian Federation,NA
https://en.wikipedia.org/wiki/Aleksandr_Samedov,55.75,37.6166666666667,RU,Russian Federation,NA
https://en.wikipedia.org/wiki/Dmitri_Torbinski,69.3333333333333,88.2166666666667,RU,Russian Federation,NA
https://en.wikipedia.org/wiki/Georgi_Shchennikov,55.75,37.6166666666667,RU,Russian Federation,NA
https://en.wikipedia.org/wiki/Artem_Dzyuba,55.75,37.6166666666667,RU,Russian Federation,NA
https://en.wikipedia.org/wiki/Dmitri_Kombarov,55.75,37.6166666666667,RU,Russian Federation,NA
https://en.wikipedia.org/wiki/Wayne_Hennessey,53.2166666666667,-4.11666666666667,GB,Wales,Wales
https://en.wikipedia.org/wiki/Chris_Gunter,51.5833333333333,-3,GB,Wales,Wales
https://en.wikipedia.org/wiki/Neil_Taylor_(footballer),53.25,-3.43333333333333,GB,Wales,Wales
"https://en.wikipedia.org/wiki/Ben_Davies_(footballer,_born_1993)",51.6666666666667,-3.81666666666667,GB,Wales,Wales
https://en.wikipedia.org/wiki/James_Chester,53.3833333333333,-2.58333333333333,GB,England,England
https://en.wikipedia.org/wiki/Ashley_Williams_(footballer),52.5833333333333,-2.13333333333333,GB,England,England
"https://en.wikipedia.org/wiki/Joe_Allen_(footballer,_born_1990)",51.85,-4.3,GB,Wales,Wales
"https://en.wikipedia.org/wiki/Andy_King_(footballer,_born_1988)",51.0833333333333,-4.06666666666667,GB,England,England
https://en.wikipedia.org/wiki/Hal_Robson-Kanu,51.5,-0.266666666666667,GB,England,England
https://en.wikipedia.org/wiki/Aaron_Ramsey,51.5666666666667,-3.21666666666667,GB,Wales,Wales
https://en.wikipedia.org/wiki/Gareth_Bale,51.4833333333333,-3.18333333333333,GB,Wales,Wales
https://en.wikipedia.org/wiki/Owain_F%C3%B4n_Williams,53.05,-4.26666666666667,GB,Wales,Wales
"https://en.wikipedia.org/wiki/George_Williams_(footballer,_born_1995)",52.0333333333333,-0.766666666666667,GB,England,England
https://en.wikipedia.org/wiki/David_Edwards_(footballer),52.6333333333333,-2.88333333333333,GB,England,England
https://en.wikipedia.org/wiki/Jazz_Richards,51.6166666666667,-3.95,GB,Wales,Wales
https://en.wikipedia.org/wiki/Joe_Ledley,51.4833333333333,-3.18333333333333,GB,Wales,Wales
https://en.wikipedia.org/wiki/David_Cotterill,51.4833333333333,-3.18333333333333,GB,Wales,Wales
https://en.wikipedia.org/wiki/Sam_Vokes,50.9,-1.4,GB,England,England
https://en.wikipedia.org/wiki/James_Collins_(footballer_born_1983),51.5833333333333,-3,GB,Wales,Wales
https://en.wikipedia.org/wiki/Jonny_Williams,51.1333333333333,0.316666666666667,GB,England,England
"https://en.wikipedia.org/wiki/Danny_Ward_(footballer,_born_1993)",53.0333333333333,-2.98333333333333,GB,Wales,Wales
https://en.wikipedia.org/wiki/David_Vaughan_(footballer),53.2833333333333,-3.58333333333333,GB,Wales,Wales
https://en.wikipedia.org/wiki/Simon_Church,51.6666666666667,-0.6,GB,England,England
https://en.wikipedia.org/wiki/J%C3%A1n_Mucha,48.9666666666667,22.1,SK,Slovakia,NA
https://en.wikipedia.org/wiki/Peter_Pekar%C3%ADk,49.2166666666667,18.7333333333333,SK,Slovakia,NA
https://en.wikipedia.org/wiki/Martin_%C5%A0krtel,48.7166666666667,18.75,SK,Slovakia,NA
https://en.wikipedia.org/wiki/J%C3%A1n_%C4%8Eurica,47.9833333333333,17.6166666666667,SK,Slovakia,NA
https://en.wikipedia.org/wiki/Norbert_Gy%C3%B6mb%C3%A9r,48.6666666666667,20.1,SK,Slovakia,NA
https://en.wikipedia.org/wiki/J%C3%A1n_Gregu%C5%A1,48.3,18.0833333333333,SK,Slovakia,NA
"https://en.wikipedia.org/wiki/Vladim%C3%ADr_Weiss_(footballer,_born_1989)",48.1333333333333,17.1,SK,Slovakia,NA
https://en.wikipedia.org/wiki/Ondrej_Duda,48.9833333333333,22.15,SK,Slovakia,NA
https://en.wikipedia.org/wiki/Stanislav_%C5%A0est%C3%A1k,49.1,21.3166666666667,SK,Slovakia,NA
https://en.wikipedia.org/wiki/Miroslav_Stoch,48.3,18.0833333333333,SK,Slovakia,NA
https://en.wikipedia.org/wiki/Adam_Nemec,48.7166666666667,19.1333333333333,SK,Slovakia,NA
https://en.wikipedia.org/wiki/J%C3%A1n_Novota,48.1666666666667,17.7166666666667,SK,Slovakia,NA
https://en.wikipedia.org/wiki/Patrik_Hro%C5%A1ovsk%C3%BD,48.7666666666667,18.6166666666667,SK,Slovakia,NA
https://en.wikipedia.org/wiki/Milan_%C5%A0kriniar,48.5833333333333,18.85,SK,Slovakia,NA
https://en.wikipedia.org/wiki/Tom%C3%A1%C5%A1_Hubo%C4%8Dan,49.2166666666667,18.7333333333333,SK,Slovakia,NA
https://en.wikipedia.org/wiki/Kornel_Sal%C3%A1ta,47.8166666666667,18.7166666666667,SK,Slovakia,NA
https://en.wikipedia.org/wiki/Marek_Ham%C5%A1%C3%ADk,48.7166666666667,19.1333333333333,SK,Slovakia,NA
https://en.wikipedia.org/wiki/Du%C5%A1an_%C5%A0vento,49.0666666666667,19.3,SK,Slovakia,NA
https://en.wikipedia.org/wiki/Juraj_Kucka,48.7666666666667,18.5833333333333,SK,Slovakia,NA
https://en.wikipedia.org/wiki/R%C3%B3bert_Mak,48.1333333333333,17.1,SK,Slovakia,NA
https://en.wikipedia.org/wiki/Michal_%C4%8Euri%C5%A1,49.05,17.45,CZ,Czech Republic,NA
https://en.wikipedia.org/wiki/Viktor_Pe%C4%8Dovsk%C3%BD,48.8,19.6333333333333,SK,Slovakia,NA
https://en.wikipedia.org/wiki/Mat%C3%BA%C5%A1_Koz%C3%A1%C4%8Dik,49.2,19.2833333333333,SK,Slovakia,NA
https://en.wikipedia.org/wiki/Manuel_Neuer,51.5166666666667,7.1,DE,Germany,NA
https://en.wikipedia.org/wiki/Shkodran_Mustafi,50.8666666666667,9.7,DE,Germany,NA
https://en.wikipedia.org/wiki/Jonas_Hector,49.2333333333333,7,DE,Germany,NA
https://en.wikipedia.org/wiki/Benedikt_H%C3%B6wedes,51.75,7.18333333333333,DE,Germany,NA
https://en.wikipedia.org/wiki/Mats_Hummels,51.1,7.11666666666667,DE,Germany,NA
https://en.wikipedia.org/wiki/Sami_Khedira,48.7833333333333,9.18333333333333,DE,Germany,NA
https://en.wikipedia.org/wiki/Bastian_Schweinsteiger,47.85,12.0666666666667,DE,Germany,NA
https://en.wikipedia.org/wiki/Mesut_%C3%96zil,51.5166666666667,7.1,DE,Germany,NA
https://en.wikipedia.org/wiki/Andr%C3%A9_Sch%C3%BCrrle,49.4666666666667,8.43333333333333,DE,Germany,NA
https://en.wikipedia.org/wiki/Lukas_Podolski,50.2833333333333,18.6666666666667,PL,Poland,NA
https://en.wikipedia.org/wiki/Julian_Draxler,51.5666666666667,6.96666666666667,DE,Germany,NA
https://en.wikipedia.org/wiki/Bernd_Leno,48.9666666666667,9.13333333333333,DE,Germany,NA
https://en.wikipedia.org/wiki/Thomas_M%C3%BCller,47.8333333333333,11.15,DE,Germany,NA
https://en.wikipedia.org/wiki/Emre_Can,50.1166666666667,8.68333333333333,DE,Germany,NA
https://en.wikipedia.org/wiki/Julian_Weigl,47.8666666666667,12.0166666666667,DE,Germany,NA
https://en.wikipedia.org/wiki/Jonathan_Tah,53.55,10,DE,Germany,NA
https://en.wikipedia.org/wiki/J%C3%A9r%C3%B4me_Boateng,52.5166666666667,13.3833333333333,DE,Germany,NA
https://en.wikipedia.org/wiki/Toni_Kroos,54.0833333333333,13.3833333333333,DE,Germany,NA
https://en.wikipedia.org/wiki/Mario_G%C3%B6tze,47.9833333333333,10.1666666666667,DE,Germany,NA
https://en.wikipedia.org/wiki/Leroy_San%C3%A9,51.45,7,DE,Germany,NA
https://en.wikipedia.org/wiki/Joshua_Kimmich,48.1666666666667,8.61666666666667,DE,Germany,NA
https://en.wikipedia.org/wiki/Marc-Andr%C3%A9_ter_Stegen,51.2,6.43333333333333,DE,Germany,NA
https://en.wikipedia.org/wiki/Mario_G%C3%B3mez,48.15,9.46666666666667,DE,Germany,NA
https://en.wikipedia.org/wiki/Denys_Boyko,50.45,30.5166666666667,UA,Ukraine,NA
https://en.wikipedia.org/wiki/Bohdan_Butko,48,37.8,UA,Ukraine,NA
https://en.wikipedia.org/wiki/Yevhen_Khacheridi,46.8333333333333,35.3666666666667,UA,Ukraine,NA
https://en.wikipedia.org/wiki/Anatoliy_Tymoshchuk,50.75,25.3333333333333,UA,Ukraine,NA
https://en.wikipedia.org/wiki/Oleksandr_Kucher,50.45,30.5166666666667,UA,Ukraine,NA
https://en.wikipedia.org/wiki/Taras_Stepanenko,47.8333333333333,36.8333333333333,UA,Ukraine,NA
https://en.wikipedia.org/wiki/Andriy_Yarmolenko,59.95,30.3,RU,Russian Federation,NA
https://en.wikipedia.org/wiki/Roman_Zozulya_(footballer),50.45,30.5166666666667,UA,Ukraine,NA
https://en.wikipedia.org/wiki/Viktor_Kovalenko_(footballer),46.6333333333333,32.5833333333333,UA,Ukraine,NA
https://en.wikipedia.org/wiki/Yevhen_Konoplyanka,48.5,32.2666666666667,UA,Ukraine,NA
https://en.wikipedia.org/wiki/Yevhen_Seleznyov,48.0833333333333,38.0666666666667,UA,Ukraine,NA
https://en.wikipedia.org/wiki/Andriy_Pyatov,48.5,32.2666666666667,UA,Ukraine,NA
https://en.wikipedia.org/wiki/Vyacheslav_Shevchuk,50.75,25.3333333333333,UA,Ukraine,NA
https://en.wikipedia.org/wiki/Ruslan_Rotan,49.5833333333333,34.55,UA,Ukraine,NA
https://en.wikipedia.org/wiki/Pylyp_Budkivskyi,50.45,30.5166666666667,UA,Ukraine,NA
https://en.wikipedia.org/wiki/Serhiy_Sydorchuk,47.8333333333333,35.1666666666667,UA,Ukraine,NA
https://en.wikipedia.org/wiki/Artem_Fedetskyi,50.7333333333333,24.1666666666667,UA,Ukraine,NA
https://en.wikipedia.org/wiki/Serhiy_Rybalka,51,34,UA,Ukraine,NA
https://en.wikipedia.org/wiki/Denys_Harmash,49.3666666666667,40.1166666666667,UA,Ukraine,NA
https://en.wikipedia.org/wiki/Yaroslav_Rakitskiy,48.3333333333333,36.4,UA,Ukraine,NA
https://en.wikipedia.org/wiki/Oleksandr_Zinchenko_(footballer),50.4833333333333,29.2333333333333,UA,Ukraine,NA
https://en.wikipedia.org/wiki/Oleksandr_Karavayev,46.6333333333333,32.5833333333333,UA,Ukraine,NA
https://en.wikipedia.org/wiki/Mykyta_Shevchenko,48.3,38.05,UA,Ukraine,NA
https://en.wikipedia.org/wiki/Wojciech_Szcz%C4%99sny,52.2333333333333,21.0166666666667,PL,Poland,NA
https://en.wikipedia.org/wiki/Micha%C5%82_Pazdan,50.0666666666667,19.9333333333333,PL,Poland,NA
https://en.wikipedia.org/wiki/Artur_J%C4%99drzejczyk,50.05,21.4166666666667,PL,Poland,NA
https://en.wikipedia.org/wiki/Thiago_Cionek,-25.4166666666667,-49.25,BR,Brazil,NA
https://en.wikipedia.org/wiki/Krzysztof_M%C4%85czy%C5%84ski,50.0666666666667,19.9333333333333,PL,Poland,NA
https://en.wikipedia.org/wiki/Tomasz_Jod%C5%82owiec,49.6833333333333,19.2,PL,Poland,NA
https://en.wikipedia.org/wiki/Arkadiusz_Milik,50.1333333333333,18.9833333333333,PL,Poland,NA
https://en.wikipedia.org/wiki/Karol_Linetty,52.85,17.7,PL,Poland,NA
https://en.wikipedia.org/wiki/Robert_Lewandowski,52.2333333333333,21.0166666666667,PL,Poland,NA
https://en.wikipedia.org/wiki/Grzegorz_Krychowiak,53.9,15.1833333333333,PL,Poland,NA
https://en.wikipedia.org/wiki/Kamil_Grosicki,53.4166666666667,14.5333333333333,PL,Poland,NA
https://en.wikipedia.org/wiki/Artur_Boruc,52.15,22.2666666666667,PL,Poland,NA
https://en.wikipedia.org/wiki/Mariusz_St%C4%99pi%C5%84ski,51.6,18.75,PL,Poland,NA
https://en.wikipedia.org/wiki/Jakub_Wawrzyniak,52.2333333333333,19.3666666666667,PL,Poland,NA
https://en.wikipedia.org/wiki/Kamil_Glik,49.95,18.5833333333333,PL,Poland,NA
https://en.wikipedia.org/wiki/Jakub_B%C5%82aszczykowski,50.85,18.8333333333333,PL,Poland,NA
https://en.wikipedia.org/wiki/S%C5%82awomir_Peszko,49.7333333333333,21.4666666666667,PL,Poland,NA
https://en.wikipedia.org/wiki/Bartosz_Salamon,52.4,16.9166666666667,PL,Poland,NA
https://en.wikipedia.org/wiki/Piotr_Zieli%C5%84ski,50.5833333333333,16.8166666666667,PL,Poland,NA
https://en.wikipedia.org/wiki/%C5%81ukasz_Piszczek,49.9333333333333,18.9666666666667,PL,Poland,NA
https://en.wikipedia.org/wiki/Bartosz_Kapustka,50,20.9833333333333,PL,Poland,NA
https://en.wikipedia.org/wiki/%C5%81ukasz_Fabia%C5%84ski,52.5833333333333,14.6666666666667,PL,Poland,NA
https://en.wikipedia.org/wiki/Filip_Starzy%C5%84ski,53.4166666666667,14.5333333333333,PL,Poland,NA
https://en.wikipedia.org/wiki/Michael_McGovern,54.3333333333333,-7.63333333333333,GB,Northern Ireland,Northern Ireland
https://en.wikipedia.org/wiki/Conor_McLaughlin,54.5833333333333,-5.91666666666667,GB,Northern Ireland,Northern Ireland
https://en.wikipedia.org/wiki/Shane_Ferguson,54.9833333333333,-7.3,GB,Northern Ireland,Northern Ireland
https://en.wikipedia.org/wiki/Gareth_McAuley,54.85,-5.8,GB,Northern Ireland,Northern Ireland
https://en.wikipedia.org/wiki/Jonny_Evans,54.5833333333333,-5.91666666666667,GB,Northern Ireland,Northern Ireland
https://en.wikipedia.org/wiki/Chris_Baird,55.0666666666667,-6.5,GB,Northern Ireland,Northern Ireland
https://en.wikipedia.org/wiki/Niall_McGinn,54.5,-6.76666666666667,GB,Northern Ireland,Northern Ireland
https://en.wikipedia.org/wiki/Steven_Davis,54.8666666666667,-6.28333333333333,GB,Northern Ireland,Northern Ireland
https://en.wikipedia.org/wiki/Will_Grigg,52.4,-1.76666666666667,GB,England,England
https://en.wikipedia.org/wiki/Kyle_Lafferty,54.3333333333333,-7.63333333333333,GB,Northern Ireland,Northern Ireland
https://en.wikipedia.org/wiki/Conor_Washington,51.35,0.533333333333333,GB,England,England
https://en.wikipedia.org/wiki/Roy_Carroll,54.3333333333333,-7.63333333333333,GB,Northern Ireland,Northern Ireland
https://en.wikipedia.org/wiki/Corry_Evans,54.5833333333333,-5.91666666666667,GB,Northern Ireland,Northern Ireland
https://en.wikipedia.org/wiki/Stuart_Dallas,54.6333333333333,-6.73333333333333,GB,Northern Ireland,Northern Ireland
https://en.wikipedia.org/wiki/Luke_McCullough,54.4166666666667,-6.45,GB,Northern Ireland,Northern Ireland
https://en.wikipedia.org/wiki/Oliver_Norwood,53.7833333333333,-2.23333333333333,GB,England,England
https://en.wikipedia.org/wiki/Paddy_McNair,54.75,-5.98333333333333,GB,Northern Ireland,Northern Ireland
https://en.wikipedia.org/wiki/Aaron_Hughes,54.6333333333333,-6.73333333333333,GB,Northern Ireland,Northern Ireland
https://en.wikipedia.org/wiki/Jamie_Ward,52.4666666666667,-1.88333333333333,GB,England,England
https://en.wikipedia.org/wiki/Craig_Cathcart,54.5833333333333,-5.91666666666667,GB,Northern Ireland,Northern Ireland
https://en.wikipedia.org/wiki/Josh_Magennis,54.6666666666667,-5.66666666666667,GB,Northern Ireland,Northern Ireland
https://en.wikipedia.org/wiki/Lee_Hodson,51.65,-0.266666666666667,GB,England,England
https://en.wikipedia.org/wiki/Alan_Mannus,43.7,-79.4,CA,Canada,NA
https://en.wikipedia.org/wiki/Iker_Casillas,40.3333333333333,-3.86666666666667,ES,Spain,NA
https://en.wikipedia.org/wiki/C%C3%A9sar_Azpilicueta,42.8166666666667,-1.65,ES,Spain,NA
https://en.wikipedia.org/wiki/Gerard_Piqu%C3%A9,41.3833333333333,2.18333333333333,ES,Spain,NA
https://en.wikipedia.org/wiki/Marc_Bartra,41.3,1.55,ES,Spain,NA
https://en.wikipedia.org/wiki/Sergio_Busquets,41.5333333333333,2.1,ES,Spain,NA
https://en.wikipedia.org/wiki/Andr%C3%A9s_Iniesta,39.2666666666667,-1.53333333333333,ES,Spain,NA
https://en.wikipedia.org/wiki/%C3%81lvaro_Morata,40.3833333333333,-3.71666666666667,ES,Spain,NA
"https://en.wikipedia.org/wiki/Koke_(footballer,_born_1992)",40.3833333333333,-3.71666666666667,ES,Spain,NA
https://en.wikipedia.org/wiki/Lucas_V%C3%A1zquez,43.1333333333333,-8.03333333333333,ES,Spain,NA
https://en.wikipedia.org/wiki/Cesc_F%C3%A0bregas,41.5666666666667,2.55,ES,Spain,NA
"https://en.wikipedia.org/wiki/Pedro_(footballer,_born_July_1987)",28.4666666666667,-16.25,ES,Spain,NA
https://en.wikipedia.org/wiki/H%C3%A9ctor_Beller%C3%ADn,41.3833333333333,2.18333333333333,ES,Spain,NA
https://en.wikipedia.org/wiki/David_de_Gea,40.3833333333333,-3.71666666666667,ES,Spain,NA
https://en.wikipedia.org/wiki/Thiago_Alc%C3%A2ntara,40.4833333333333,18.05,IT,Italy,NA
https://en.wikipedia.org/wiki/Sergio_Ramos,37.4,-6.03333333333333,ES,Spain,NA
"https://en.wikipedia.org/wiki/Juanfran_(footballer,_born_1985)",38.2333333333333,-0.8,ES,Spain,NA
https://en.wikipedia.org/wiki/Mikel_San_Jos%C3%A9,42.8166666666667,-1.65,ES,Spain,NA
https://en.wikipedia.org/wiki/Jordi_Alba,41.35,2.1,ES,Spain,NA
https://en.wikipedia.org/wiki/Bruno_Soriano,39.8833333333333,-0.25,ES,Spain,NA
https://en.wikipedia.org/wiki/Aritz_Aduriz,43.3166666666667,-1.98333333333333,ES,Spain,NA
https://en.wikipedia.org/wiki/David_Silva,27.75,-15.6833333333333,ES,Spain,NA
https://en.wikipedia.org/wiki/Nolito,36.7666666666667,-6.35,ES,Spain,NA
https://en.wikipedia.org/wiki/Sergio_Rico,37.3666666666667,-5.98333333333333,ES,Spain,NA
https://en.wikipedia.org/wiki/Petr_%C4%8Cech,49.7333333333333,13.3666666666667,CZ,Czech Republic,NA
https://en.wikipedia.org/wiki/Pavel_Kade%C5%99%C3%A1bek,50.0833333333333,14.4166666666667,CZ,Czech Republic,NA
https://en.wikipedia.org/wiki/Michal_Kadlec,49.2666666666667,16.9833333333333,CZ,Czech Republic,NA
https://en.wikipedia.org/wiki/Theodor_Gebre_Selassie,49.2166666666667,15.8666666666667,CZ,Czech Republic,NA
https://en.wikipedia.org/wiki/Roman_Hubn%C3%ADk,49.35,18,CZ,Czech Republic,NA
https://en.wikipedia.org/wiki/Tom%C3%A1%C5%A1_Sivok,49.4166666666667,15.2166666666667,CZ,Czech Republic,NA
https://en.wikipedia.org/wiki/Tom%C3%A1%C5%A1_Necid,50.0833333333333,14.4166666666667,CZ,Czech Republic,NA
https://en.wikipedia.org/wiki/David_Limbersk%C3%BD,49.7333333333333,13.3666666666667,CZ,Czech Republic,NA
https://en.wikipedia.org/wiki/Bo%C5%99ek_Do%C4%8Dkal,50.2,15.2833333333333,CZ,Czech Republic,NA
https://en.wikipedia.org/wiki/Tom%C3%A1%C5%A1_Rosick%C3%BD,50.0833333333333,14.4166666666667,CZ,Czech Republic,NA
https://en.wikipedia.org/wiki/Daniel_Pudil,50.0833333333333,14.4166666666667,CZ,Czech Republic,NA
https://en.wikipedia.org/wiki/Milan_%C5%A0koda,50.0666666666667,14.4333333333333,CZ,Czech Republic,NA
https://en.wikipedia.org/wiki/Jaroslav_Pla%C5%A1il,50.2666666666667,16.1,CZ,Czech Republic,NA
https://en.wikipedia.org/wiki/Daniel_Kol%C3%A1%C5%99,50.0833333333333,14.4166666666667,CZ,Czech Republic,NA
https://en.wikipedia.org/wiki/David_Pavelka,50.0833333333333,14.4166666666667,CZ,Czech Republic,NA
https://en.wikipedia.org/wiki/Tom%C3%A1%C5%A1_Vacl%C3%ADk,49.8333333333333,18.2833333333333,CZ,Czech Republic,NA
https://en.wikipedia.org/wiki/Marek_Such%C3%BD,50.0833333333333,14.4166666666667,CZ,Czech Republic,NA
https://en.wikipedia.org/wiki/Josef_%C5%A0ural,48.9333333333333,16.7333333333333,CZ,Czech Republic,NA
https://en.wikipedia.org/wiki/Ladislav_Krej%C4%8D%C3%AD,50.0833333333333,14.4166666666667,CZ,Czech Republic,NA
https://en.wikipedia.org/wiki/Ji%C5%99%C3%AD_Skal%C3%A1k,50.0333333333333,15.7666666666667,CZ,Czech Republic,NA
https://en.wikipedia.org/wiki/David_Lafata,48.9666666666667,14.4666666666667,CZ,Czech Republic,NA
https://en.wikipedia.org/wiki/Vladim%C3%ADr_Darida,49.7333333333333,13.3666666666667,CZ,Czech Republic,NA
https://en.wikipedia.org/wiki/Tom%C3%A1%C5%A1_Koubek,50.2,15.8333333333333,CZ,Czech Republic,NA
https://en.wikipedia.org/wiki/Volkan_Babacan,36.9,30.6833333333333,TR,Turkey,NA
https://en.wikipedia.org/wiki/Semih_Kaya,39.1166666666667,27.1833333333333,TR,Turkey,NA
https://en.wikipedia.org/wiki/Hakan_Balta,52.5166666666667,13.3833333333333,DE,Germany,NA
https://en.wikipedia.org/wiki/Ahmet_Y%C4%B1lmaz_%C3%87al%C4%B1k,39.9666666666667,32.8166666666667,TR,Turkey,NA
https://en.wikipedia.org/wiki/Nuri_%C5%9Eahin,51.2166666666667,7.63333333333333,DE,Germany,NA
https://en.wikipedia.org/wiki/Hakan_%C3%87alhano%C4%9Flu,49.4833333333333,8.46666666666667,DE,Germany,NA
https://en.wikipedia.org/wiki/G%C3%B6khan_G%C3%B6n%C3%BCl,41.5666666666667,35.9,TR,Turkey,NA
https://en.wikipedia.org/wiki/Sel%C3%A7uk_%C4%B0nan,36.5666666666667,36.15,TR,Turkey,NA
https://en.wikipedia.org/wiki/Cenk_Tosun,50.5666666666667,8.5,DE,Germany,NA
https://en.wikipedia.org/wiki/Arda_Turan,41.0166666666667,28.9333333333333,TR,Turkey,NA
https://en.wikipedia.org/wiki/Olcay_%C5%9Eahan,51.2333333333333,6.78333333333333,DE,Germany,NA
https://en.wikipedia.org/wiki/Onur_K%C4%B1vrak,38.35,28.5166666666667,TR,Turkey,NA
https://en.wikipedia.org/wiki/%C4%B0smail_K%C3%B6yba%C5%9F%C4%B1,36.5666666666667,36.15,TR,Turkey,NA
https://en.wikipedia.org/wiki/O%C4%9Fuzhan_%C3%96zyakup,52.4333333333333,4.83333333333333,NL,Netherlands,NA
https://en.wikipedia.org/wiki/Mehmet_Topal,38.35,38.3,TR,Turkey,NA
https://en.wikipedia.org/wiki/Ozan_Tufan,39.9,28.9833333333333,TR,Turkey,NA
https://en.wikipedia.org/wiki/Burak_Y%C4%B1lmaz,36.9,30.6833333333333,TR,Turkey,NA
https://en.wikipedia.org/wiki/Caner_Erkin,39.3833333333333,27.5166666666667,TR,Turkey,NA
https://en.wikipedia.org/wiki/Yunus_Mall%C4%B1,51.3166666666667,9.5,DE,Germany,NA
https://en.wikipedia.org/wiki/Volkan_%C5%9Een,40.1833333333333,29.05,TR,Turkey,NA
https://en.wikipedia.org/wiki/Emre_Mor,55.7,12.4833333333333,DK,Denmark,NA
https://en.wikipedia.org/wiki/%C5%9Eener_%C3%96zbayrakl%C4%B1,41.35,41.6666666666667,TR,Turkey,NA
https://en.wikipedia.org/wiki/Harun_Tekin_(footballer),38.6,27.0666666666667,TR,Turkey,NA
https://en.wikipedia.org/wiki/Ivan_Vargi%C4%87,45.3166666666667,18.4166666666667,HR,Croatia,NA
https://en.wikipedia.org/wiki/%C5%A0ime_Vrsaljko,45.3166666666667,14.4166666666667,HR,Croatia,NA
https://en.wikipedia.org/wiki/Ivan_Strini%C4%87,43.5,16.45,HR,Croatia,NA
https://en.wikipedia.org/wiki/Ivan_Peri%C5%A1i%C4%87,43.5,16.45,HR,Croatia,NA
https://en.wikipedia.org/wiki/Vedran_%C4%86orluka,44.9833333333333,17.9,BA,Bosnia and Herzegovina,NA
https://en.wikipedia.org/wiki/Tin_Jedvaj,45.8166666666667,15.9833333333333,HR,Croatia,NA
https://en.wikipedia.org/wiki/Ivan_Rakiti%C4%87,47.55,7.85,CH,Switzerland,NA
https://en.wikipedia.org/wiki/Mateo_Kova%C4%8Di%C4%87,48.3,14.2833333333333,AT,Austria,NA
https://en.wikipedia.org/wiki/Andrej_Kramari%C4%87,45.8166666666667,15.9833333333333,HR,Croatia,NA
https://en.wikipedia.org/wiki/Luka_Modri%C4%87,44.1,15.2166666666667,HR,Croatia,NA
https://en.wikipedia.org/wiki/Darijo_Srna,43.05,17.65,BA,Bosnia and Herzegovina,NA
https://en.wikipedia.org/wiki/Lovre_Kalini%C4%87,43.5,16.45,HR,Croatia,NA
https://en.wikipedia.org/wiki/Gordon_Schildenfeld,43.7333333333333,15.9166666666667,HR,Croatia,NA
https://en.wikipedia.org/wiki/Marcelo_Brozovi%C4%87,45.8166666666667,15.9833333333333,HR,Croatia,NA
https://en.wikipedia.org/wiki/Marko_Rog,46.3,16.3333333333333,HR,Croatia,NA
https://en.wikipedia.org/wiki/Nikola_Kalini%C4%87,43.5333333333333,16.4833333333333,HR,Croatia,NA
https://en.wikipedia.org/wiki/Mario_Mand%C5%BEuki%C4%87,45.1666666666667,18.0166666666667,HR,Croatia,NA
https://en.wikipedia.org/wiki/Ante_%C4%86ori%C4%87,45.8166666666667,15.9833333333333,HR,Croatia,NA
https://en.wikipedia.org/wiki/Milan_Badelj,45.8166666666667,15.9833333333333,HR,Croatia,NA
https://en.wikipedia.org/wiki/Marko_Pjaca,45.8166666666667,15.9833333333333,HR,Croatia,NA
https://en.wikipedia.org/wiki/Domagoj_Vida,45.55,18.6666666666667,HR,Croatia,NA
https://en.wikipedia.org/wiki/Duje_%C4%8Cop,45.2833333333333,18.8,HR,Croatia,NA
https://en.wikipedia.org/wiki/Danijel_Suba%C5%A1i%C4%87,44.1,15.2166666666667,HR,Croatia,NA
https://en.wikipedia.org/wiki/Thibaut_Courtois,51.1333333333333,5.6,BE,Belgium,NA
https://en.wikipedia.org/wiki/Toby_Alderweireld,51.2166666666667,4.4,BE,Belgium,NA
https://en.wikipedia.org/wiki/Thomas_Vermaelen,51.3166666666667,4.43333333333333,BE,Belgium,NA
https://en.wikipedia.org/wiki/Radja_Nainggolan,51.2166666666667,4.4,BE,Belgium,NA
https://en.wikipedia.org/wiki/Jan_Vertonghen,51.1666666666667,4.13333333333333,BE,Belgium,NA
https://en.wikipedia.org/wiki/Axel_Witsel,50.6333333333333,5.56666666666667,BE,Belgium,NA
https://en.wikipedia.org/wiki/Kevin_De_Bruyne,51.05,3.65,BE,Belgium,NA
https://en.wikipedia.org/wiki/Marouane_Fellaini,50.8333333333333,4.38333333333333,BE,Belgium,NA
https://en.wikipedia.org/wiki/Romelu_Lukaku,51.2166666666667,4.4,BE,Belgium,NA
https://en.wikipedia.org/wiki/Eden_Hazard,50.4666666666667,4.18333333333333,BE,Belgium,NA
https://en.wikipedia.org/wiki/Yannick_Ferreira_Carrasco,50.8333333333333,4.36666666666667,BE,Belgium,NA
https://en.wikipedia.org/wiki/Simon_Mignolet,50.8,5.18333333333333,BE,Belgium,NA
https://en.wikipedia.org/wiki/Jean-Fran%C3%A7ois_Gillet,50.6333333333333,5.56666666666667,BE,Belgium,NA
https://en.wikipedia.org/wiki/Dries_Mertens,50.8833333333333,4.7,BE,Belgium,NA
https://en.wikipedia.org/wiki/Jason_Denayer,50.8666666666667,4.33333333333333,BE,Belgium,NA
https://en.wikipedia.org/wiki/Thomas_Meunier,50.0333333333333,5.53333333333333,BE,Belgium,NA
https://en.wikipedia.org/wiki/Divock_Origi,51.2333333333333,2.91666666666667,BE,Belgium,NA
https://en.wikipedia.org/wiki/Christian_Kabasele,-11.6666666666667,27.4666666666667,CD,"Congo, The Democratic Republic of the",NA
"https://en.wikipedia.org/wiki/Mousa_Demb%C3%A9l%C3%A9_(footballer,_born_1987)",51.1666666666667,4.38333333333333,BE,Belgium,NA
https://en.wikipedia.org/wiki/Christian_Benteke,-4.31666666666667,15.3166666666667,CD,"Congo, The Democratic Republic of the",NA
https://en.wikipedia.org/wiki/Jordan_Lukaku,51.2166666666667,4.4,BE,Belgium,NA
https://en.wikipedia.org/wiki/Michy_Batshuayi,50.85,4.35,BE,Belgium,NA
https://en.wikipedia.org/wiki/Laurent_Ciman,50.4333333333333,4.55,BE,Belgium,NA
https://en.wikipedia.org/wiki/Gianluigi_Buffon,44.0791666666667,10.1,IT,Italy,NA
https://en.wikipedia.org/wiki/Mattia_De_Sciglio,45.4666666666667,9.18333333333333,IT,Italy,NA
https://en.wikipedia.org/wiki/Giorgio_Chiellini,43.7166666666667,10.4,IT,Italy,NA
https://en.wikipedia.org/wiki/Matteo_Darmian,45.6,8.91666666666667,IT,Italy,NA
https://en.wikipedia.org/wiki/Angelo_Ogbonna,41.5,13.8333333333333,IT,Italy,NA
https://en.wikipedia.org/wiki/Antonio_Candreva,41.9,12.5,IT,Italy,NA
https://en.wikipedia.org/wiki/Simone_Zaza,40.2,16.6666666666667,IT,Italy,NA
https://en.wikipedia.org/wiki/Alessandro_Florenzi,41.9,12.5,IT,Italy,NA
https://en.wikipedia.org/wiki/Graziano_Pell%C3%A8,40.3,18.1666666666667,IT,Italy,NA
https://en.wikipedia.org/wiki/Thiago_Motta,-23.7,-46.55,BR,Brazil,NA
https://en.wikipedia.org/wiki/Ciro_Immobile,40.75,14.45,IT,Italy,NA
https://en.wikipedia.org/wiki/Salvatore_Sirigu,40.3166666666667,9.33333333333333,IT,Italy,NA
https://en.wikipedia.org/wiki/Federico_Marchetti,45.7666666666667,11.7333333333333,IT,Italy,NA
https://en.wikipedia.org/wiki/Stefano_Sturaro,43.8166666666667,7.78333333333333,IT,Italy,NA
https://en.wikipedia.org/wiki/Andrea_Barzagli,43.8,11.2833333333333,IT,Italy,NA
https://en.wikipedia.org/wiki/Daniele_De_Rossi,41.9,12.5,IT,Italy,NA
https://en.wikipedia.org/wiki/%C3%89der_(Italian_footballer),-28.3833333333333,-49.3833333333333,BR,Brazil,NA
https://en.wikipedia.org/wiki/Marco_Parolo,45.6666666666667,8.8,IT,Italy,NA
https://en.wikipedia.org/wiki/Leonardo_Bonucci,42.4166666666667,12.1,IT,Italy,NA
https://en.wikipedia.org/wiki/Lorenzo_Insigne,40.8333333333333,14.25,IT,Italy,NA
https://en.wikipedia.org/wiki/Federico_Bernardeschi,44.0791666666667,10.1,IT,Italy,NA
https://en.wikipedia.org/wiki/Stephan_El_Shaarawy,44.3,8.48333333333333,IT,Italy,NA
https://en.wikipedia.org/wiki/Emanuele_Giaccherini,43.7,11.8166666666667,IT,Italy,NA
https://en.wikipedia.org/wiki/Keiren_Westwood,53.4666666666667,-2.23333333333333,GB,England,England
https://en.wikipedia.org/wiki/S%C3%A9amus_Coleman,54.6333333333333,-8.43333333333333,IE,Ireland,NA
https://en.wikipedia.org/wiki/Ciaran_Clark,51.5833333333333,-0.333333333333333,GB,England,England
https://en.wikipedia.org/wiki/John_O%27Shea,52.25,-7.11666666666667,IE,Ireland,NA
https://en.wikipedia.org/wiki/Richard_Keogh,51.7666666666667,0.116666666666667,GB,England,England
https://en.wikipedia.org/wiki/Glenn_Whelan,53.3166666666667,-6.38333333333333,IE,Ireland,NA
https://en.wikipedia.org/wiki/Aiden_McGeady,55.85,-4.25,GB,Scotland,Scotland
https://en.wikipedia.org/wiki/James_McCarthy_(footballer),55.85,-4.25,GB,Scotland,Scotland
https://en.wikipedia.org/wiki/Shane_Long,52.6666666666667,-7.6,IE,Ireland,NA
https://en.wikipedia.org/wiki/Robbie_Keane,53.3333333333333,-6.25,IE,Ireland,NA
https://en.wikipedia.org/wiki/James_McClean,54.9833333333333,-7.3,GB,Northern Ireland,Northern Ireland
https://en.wikipedia.org/wiki/Shane_Duffy,54.9833333333333,-7.3,GB,Northern Ireland,Northern Ireland
https://en.wikipedia.org/wiki/Jeff_Hendrick,53.3333333333333,-6.25,IE,Ireland,NA
https://en.wikipedia.org/wiki/Jonathan_Walters,53.4,-3.1,GB,England,England
https://en.wikipedia.org/wiki/Cyrus_Christie,52.4,-1.5,GB,England,England
https://en.wikipedia.org/wiki/Shay_Given,54.8333333333333,-7.46666666666667,GB,Northern Ireland,Northern Ireland
https://en.wikipedia.org/wiki/Stephen_Ward_(footballer),53.3333333333333,-6.25,IE,Ireland,NA
https://en.wikipedia.org/wiki/David_Meyler,51.8833333333333,-8.46666666666667,IE,Ireland,NA
https://en.wikipedia.org/wiki/Robbie_Brady,53.3333333333333,-6.25,IE,Ireland,NA
https://en.wikipedia.org/wiki/Wes_Hoolahan,53.3333333333333,-6.25,IE,Ireland,NA
https://en.wikipedia.org/wiki/Daryl_Murphy,52.25,-7.11666666666667,IE,Ireland,NA
https://en.wikipedia.org/wiki/Stephen_Quinn,53.3333333333333,-6.25,IE,Ireland,NA
https://en.wikipedia.org/wiki/Darren_Randolph,53.2,-6.1,IE,Ireland,NA
https://en.wikipedia.org/wiki/Andreas_Isaksson,55.3333333333333,13.3833333333333,SE,Sweden,NA
https://en.wikipedia.org/wiki/Mikael_Lustig,63.8166666666667,20.25,SE,Sweden,NA
"https://en.wikipedia.org/wiki/Erik_Johansson_(footballer,_born_1988)",56.9,12.4833333333333,SE,Sweden,NA
https://en.wikipedia.org/wiki/Andreas_Granqvist,56.0333333333333,12.8166666666667,SE,Sweden,NA
https://en.wikipedia.org/wiki/Martin_Olsson,60.6666666666667,17.1333333333333,SE,Sweden,NA
https://en.wikipedia.org/wiki/Emil_Forsberg,62.4,17.3166666666667,SE,Sweden,NA
https://en.wikipedia.org/wiki/Sebastian_Larsson,59.35,16.5,SE,Sweden,NA
https://en.wikipedia.org/wiki/Albin_Ekdal,59.3166666666667,18.0666666666667,SE,Sweden,NA
https://en.wikipedia.org/wiki/Kim_K%C3%A4llstr%C3%B6m,60.6166666666667,16.7833333333333,SE,Sweden,NA
https://en.wikipedia.org/wiki/Zlatan_Ibrahimovi%C4%87,55.6,13.0333333333333,SE,Sweden,NA
https://en.wikipedia.org/wiki/Marcus_Berg,60.1333333333333,13,SE,Sweden,NA
https://en.wikipedia.org/wiki/Robin_Olsen,55.6,13.0333333333333,SE,Sweden,NA
https://en.wikipedia.org/wiki/Pontus_Jansson,55.6333333333333,13.0833333333333,SE,Sweden,NA
https://en.wikipedia.org/wiki/Victor_Lindel%C3%B6f,59.6,16.55,SE,Sweden,NA
https://en.wikipedia.org/wiki/Oscar_Hiljemark,57.3,13.5333333333333,SE,Sweden,NA
https://en.wikipedia.org/wiki/Pontus_Wernbloom,57.8666666666667,11.9666666666667,SE,Sweden,NA
https://en.wikipedia.org/wiki/Ludwig_Augustinsson,59.3166666666667,18.0666666666667,SE,Sweden,NA
https://en.wikipedia.org/wiki/Oscar_Lewicki,55.6,13.0333333333333,SE,Sweden,NA
https://en.wikipedia.org/wiki/Emir_Kujovi%C4%87,43.0333333333333,19.75,ME,Montenegro,NA
https://en.wikipedia.org/wiki/John_Guidetti,59.3166666666667,18.0666666666667,SE,Sweden,NA
https://en.wikipedia.org/wiki/Jimmy_Durmaz,59.2666666666667,15.2,SE,Sweden,NA
https://en.wikipedia.org/wiki/Erkan_Zengin,39.0833333333333,33.0833333333333,TR,Turkey,NA
https://en.wikipedia.org/wiki/Patrik_Carlgren,60.6,15.6166666666667,SE,Sweden,NA
https://en.wikipedia.org/wiki/Rui_Patr%C3%ADcio,38.7666666666667,-9.15,PT,Portugal,NA
https://en.wikipedia.org/wiki/Bruno_Alves,41.3666666666667,-8.75,PT,Portugal,NA
"https://en.wikipedia.org/wiki/Pepe_(footballer,_born_1983)",-9.65,-35.7333333333333,BR,Brazil,NA
https://en.wikipedia.org/wiki/Jos%C3%A9_Fonte,41.2,-8.28333333333333,PT,Portugal,NA
https://en.wikipedia.org/wiki/Rapha%C3%ABl_Guerreiro,48.9333333333333,2.45,FR,France,NA
https://en.wikipedia.org/wiki/Ricardo_Carvalho,41.2666666666667,-8.06666666666667,PT,Portugal,NA
https://en.wikipedia.org/wiki/Cristiano_Ronaldo,32.65,-16.9166666666667,PT,Portugal,NA
https://en.wikipedia.org/wiki/Jo%C3%A3o_Moutinho,37.1333333333333,-8.53333333333333,PT,Portugal,NA
https://en.wikipedia.org/wiki/%C3%89der_(Portuguese_footballer),11.85,-15.5666666666667,GW,Guinea-Bissau,NA
https://en.wikipedia.org/wiki/Jo%C3%A3o_M%C3%A1rio_(Portuguese_footballer),41.15,-8.61666666666667,PT,Portugal,NA
https://en.wikipedia.org/wiki/Vieirinha,41.45,-8.3,PT,Portugal,NA
https://en.wikipedia.org/wiki/Anthony_Lopes,45.5833333333333,4.76666666666667,FR,France,NA
https://en.wikipedia.org/wiki/Danilo_Pereira_(Portuguese_footballer),11.85,-15.5666666666667,GW,Guinea-Bissau,NA
https://en.wikipedia.org/wiki/William_Carvalho,-8.83333333333333,13.2333333333333,AO,Angola,NA
https://en.wikipedia.org/wiki/Andr%C3%A9_Gomes,41.0333333333333,-8.58333333333333,PT,Portugal,NA
https://en.wikipedia.org/wiki/Renato_Sanches,38.7,-9.13333333333333,PT,Portugal,NA
https://en.wikipedia.org/wiki/Nani,14.9166666666667,-23.5,CV,Cape Verde,NA
https://en.wikipedia.org/wiki/Rafa_Silva,38.8666666666667,-9.06666666666667,PT,Portugal,NA
https://en.wikipedia.org/wiki/Eliseu,38.65,-27.2166666666667,PT,Portugal,NA
https://en.wikipedia.org/wiki/Ricardo_Quaresma,38.7,-9.13333333333333,PT,Portugal,NA
https://en.wikipedia.org/wiki/C%C3%A9dric_Soares,47.75,8.83333333333333,DE,Germany,NA
https://en.wikipedia.org/wiki/Eduardo_Carvalho,41.4833333333333,-7.16666666666667,PT,Portugal,NA
https://en.wikipedia.org/wiki/Adrien_Silva,45.65,0.166666666666667,FR,France,NA
https://en.wikipedia.org/wiki/Hannes_%C3%9E%C3%B3r_Halld%C3%B3rsson,64.1333333333333,-21.9333333333333,IS,Iceland,NA
https://en.wikipedia.org/wiki/Birkir_M%C3%A1r_S%C3%A6varsson,64.1333333333333,-21.9333333333333,IS,Iceland,NA
https://en.wikipedia.org/wiki/Haukur_Hei%C3%B0ar_Hauksson,65.6833333333333,-18.1,IS,Iceland,NA
https://en.wikipedia.org/wiki/Hj%C3%B6rtur_Hermannsson,64.1333333333333,-21.9333333333333,IS,Iceland,NA
https://en.wikipedia.org/wiki/Sverrir_Ingi_Ingason,64.1,-21.9,IS,Iceland,NA
https://en.wikipedia.org/wiki/Ragnar_Sigur%C3%B0sson,64.1333333333333,-21.9333333333333,IS,Iceland,NA
https://en.wikipedia.org/wiki/J%C3%B3hann_Berg_Gu%C3%B0mundsson,64.1333333333333,-21.9333333333333,IS,Iceland,NA
https://en.wikipedia.org/wiki/Birkir_Bjarnason,65.6833333333333,-18.1,IS,Iceland,NA
https://en.wikipedia.org/wiki/Kolbeinn_Sig%C3%BE%C3%B3rsson,64.1333333333333,-21.9333333333333,IS,Iceland,NA
https://en.wikipedia.org/wiki/Gylfi_Sigur%C3%B0sson,64.1333333333333,-21.9333333333333,IS,Iceland,NA
https://en.wikipedia.org/wiki/Alfre%C3%B0_Finnbogason,63.8333333333333,-22.4333333333333,IS,Iceland,NA
"https://en.wikipedia.org/wiki/%C3%96gmundur_Kristinsson_(footballer,_born_1989)",64.1333333333333,-21.9333333333333,IS,Iceland,NA
https://en.wikipedia.org/wiki/Ingvar_J%C3%B3nsson,64.0166666666667,-22.5666666666667,IS,Iceland,NA
"https://en.wikipedia.org/wiki/K%C3%A1ri_%C3%81rnason_(footballer,_born_1982)",57.7,11.9666666666667,SE,Sweden,NA
https://en.wikipedia.org/wiki/J%C3%B3n_Da%C3%B0i_B%C3%B6%C3%B0varsson,63.9333333333333,-21,IS,Iceland,NA
https://en.wikipedia.org/wiki/R%C3%BAnar_M%C3%A1r_Sigurj%C3%B3nsson,65.7333333333333,-19.6333333333333,IS,Iceland,NA
https://en.wikipedia.org/wiki/Aron_Gunnarsson,65.6833333333333,-18.1,IS,Iceland,NA
https://en.wikipedia.org/wiki/The%C3%B3d%C3%B3r_Elmar_Bjarnason,64.1333333333333,-21.9333333333333,IS,Iceland,NA
https://en.wikipedia.org/wiki/H%C3%B6r%C3%B0ur_Bj%C3%B6rgvin_Magn%C3%BAsson,64.1333333333333,-21.9333333333333,IS,Iceland,NA
https://en.wikipedia.org/wiki/Emil_Hallfre%C3%B0sson,64.0166666666667,-21.9666666666667,IS,Iceland,NA
https://en.wikipedia.org/wiki/Arn%C3%B3r_Ingvi_Traustason,64.0166666666667,-22.5666666666667,IS,Iceland,NA
https://en.wikipedia.org/wiki/Ei%C3%B0ur_Gu%C3%B0johnsen,64.1333333333333,-21.9333333333333,IS,Iceland,NA
https://en.wikipedia.org/wiki/Ari_Freyr_Sk%C3%BAlason,64.1333333333333,-21.9333333333333,IS,Iceland,NA
https://en.wikipedia.org/wiki/Robert_Almer,47.4166666666667,15.2666666666667,AT,Austria,NA
https://en.wikipedia.org/wiki/Gy%C3%B6rgy_Garics,47.2333333333333,16.6166666666667,HU,Hungary,NA
https://en.wikipedia.org/wiki/Aleksandar_Dragovi%C4%87,48.2,16.3666666666667,AT,Austria,NA
https://en.wikipedia.org/wiki/Martin_Hinteregger,46.7166666666667,14.1,AT,Austria,NA
https://en.wikipedia.org/wiki/Christian_Fuchs,47.7333333333333,16.0833333333333,AT,Austria,NA
https://en.wikipedia.org/wiki/Stefan_Ilsanker_(footballer),47.6666666666667,13.0833333333333,DE,Germany,NA
https://en.wikipedia.org/wiki/Marko_Arnautovi%C4%87,48.2833333333333,16.4,AT,Austria,NA
https://en.wikipedia.org/wiki/David_Alaba,48.2,16.3666666666667,AT,Austria,NA
https://en.wikipedia.org/wiki/Rubin_Okotie,24.85,67,PK,Pakistan,NA
https://en.wikipedia.org/wiki/Zlatko_Junuzovi%C4%87,44.5333333333333,19.2166666666667,RS,Serbia,NA
https://en.wikipedia.org/wiki/Martin_Harnik,53.55,10,DE,Germany,NA
https://en.wikipedia.org/wiki/Heinz_Lindner,48.3,14.2833333333333,AT,Austria,NA
https://en.wikipedia.org/wiki/Markus_Suttner,48.5666666666667,16.1,AT,Austria,NA
https://en.wikipedia.org/wiki/Julian_Baumgartlinger,47.8,13.0333333333333,AT,Austria,NA
https://en.wikipedia.org/wiki/Sebastian_Pr%C3%B6dl,47.0666666666667,15.4333333333333,AT,Austria,NA
https://en.wikipedia.org/wiki/Kevin_Wimmer,48.15,14.0166666666667,AT,Austria,NA
https://en.wikipedia.org/wiki/Florian_Klein,48.3,14.2833333333333,AT,Austria,NA
https://en.wikipedia.org/wiki/Alessandro_Sch%C3%B6pf,47.1166666666667,10.9166666666667,AT,Austria,NA
https://en.wikipedia.org/wiki/Lukas_Hinterseer,47.4333333333333,12.3833333333333,AT,Austria,NA
https://en.wikipedia.org/wiki/Marcel_Sabitzer,47.0666666666667,15.4333333333333,AT,Austria,NA
https://en.wikipedia.org/wiki/Marc_Janko,48.2,16.3666666666667,AT,Austria,NA
https://en.wikipedia.org/wiki/Jakob_Jantscher,47.0666666666667,15.4333333333333,AT,Austria,NA
https://en.wikipedia.org/wiki/Ramazan_%C3%96zcan,47.3666666666667,9.66666666666667,AT,Austria,NA
https://en.wikipedia.org/wiki/G%C3%A1bor_Kir%C3%A1ly,47.2333333333333,16.6166666666667,HU,Hungary,NA
https://en.wikipedia.org/wiki/%C3%81d%C3%A1m_Lang,47.0833333333333,17.9,HU,Hungary,NA
https://en.wikipedia.org/wiki/Mih%C3%A1ly_Korhut,47.5166666666667,21.6333333333333,HU,Hungary,NA
https://en.wikipedia.org/wiki/Tam%C3%A1s_K%C3%A1d%C3%A1r,47.0833333333333,17.9,HU,Hungary,NA
https://en.wikipedia.org/wiki/Attila_Fiola,46.35,18.7,HU,Hungary,NA
https://en.wikipedia.org/wiki/%C3%81kos_Elek,48.2166666666667,20.3,HU,Hungary,NA
https://en.wikipedia.org/wiki/Bal%C3%A1zs_Dzsudzs%C3%A1k,47.5166666666667,21.6333333333333,HU,Hungary,NA
https://en.wikipedia.org/wiki/%C3%81d%C3%A1m_Nagy,47.4833333333333,19.05,HU,Hungary,NA
https://en.wikipedia.org/wiki/%C3%81d%C3%A1m_Szalai,47.4833333333333,19.05,HU,Hungary,NA
https://en.wikipedia.org/wiki/Zolt%C3%A1n_Gera,46.0666666666667,18.2166666666667,HU,Hungary,NA
https://en.wikipedia.org/wiki/Kriszti%C3%A1n_N%C3%A9meth,47.6833333333333,17.6333333333333,HU,Hungary,NA
https://en.wikipedia.org/wiki/D%C3%A9nes_Dibusz,46.0666666666667,18.2166666666667,HU,Hungary,NA
https://en.wikipedia.org/wiki/D%C3%A1niel_B%C3%B6de,46.35,18.7,HU,Hungary,NA
https://en.wikipedia.org/wiki/Gerg%C5%91_Lovrencsics,47.1666666666667,20.1666666666667,HU,Hungary,NA
https://en.wikipedia.org/wiki/L%C3%A1szl%C3%B3_Kleinheisler,48.25,20.6333333333333,HU,Hungary,NA
https://en.wikipedia.org/wiki/%C3%81d%C3%A1m_Pint%C3%A9r,48.0666666666667,19.2833333333333,HU,Hungary,NA
"https://en.wikipedia.org/wiki/Nemanja_Nikoli%C4%87_(footballer,_born_1987)",45.9333333333333,20.0833333333333,RS,Serbia,NA
https://en.wikipedia.org/wiki/Zolt%C3%A1n_Stieber,47.25,16.9333333333333,HU,Hungary,NA
https://en.wikipedia.org/wiki/Tam%C3%A1s_Priskin,47.75,18.1166666666667,SK,Slovakia,NA
https://en.wikipedia.org/wiki/Rich%C3%A1rd_Guzmics,47.2333333333333,16.6166666666667,HU,Hungary,NA
https://en.wikipedia.org/wiki/Barnab%C3%A1s_Bese,47.4833333333333,19.05,HU,Hungary,NA
https://en.wikipedia.org/wiki/P%C3%A9ter_Gul%C3%A1csi,47.4833333333333,19.05,HU,Hungary,NA
https://en.wikipedia.org/wiki/Roland_Juh%C3%A1sz,47.1666666666667,19.8,HU,Hungary,NA
