Club,club_link,league,stadium_link,coords0,coords,lat,lon,league2,league_country
1. FC Kaiserslautern,https://en.wikipedia.org/wiki/1._FC_Kaiserslautern,2. Bundesliga,https://en.wikipedia.org/wiki/Fritz-Walter-Stadion,49Â°26â€²05â€³N 7Â°46â€²36â€³E,"49d 26' 05"" N  7d 46' 36"" E",49.4347222222222,7.77666666666667,2. Bundesliga,Germany
1. FC Köln,https://en.wikipedia.org/wiki/1._FC_K%C3%B6ln,Bundesliga,https://en.wikipedia.org/wiki/RheinEnergieStadion,50Â°56â€²0.59â€³N 6Â°52â€²29.99â€³E,"50d 56' 0.59"" N  6d 52' 29.99"" E",50.9334972222222,6.87499722222222,Bundesliga,Germany
1. FC Nürnberg,https://en.wikipedia.org/wiki/1._FC_N%C3%BCrnberg,2. Bundesliga,https://en.wikipedia.org/wiki/Frankenstadion,49Â°25â€²34â€³N 11Â°7â€²33â€³E,"49d 25' 34"" N  11d 7' 33"" E",49.4261111111111,11.1258333333333,2. Bundesliga,Germany
1. FSV Mainz 05,https://en.wikipedia.org/wiki/1._FSV_Mainz_05,Bundesliga,https://en.wikipedia.org/wiki/Coface_Arena,49Â°59â€²3â€³N 8Â°13â€²27â€³E,"49d 59' 3"" N  8d 13' 27"" E",49.9841666666667,8.22416666666667,Bundesliga,Germany
1860 München,https://en.wikipedia.org/wiki/TSV_1860_M%C3%BCnchen,2. Bundesliga,https://en.wikipedia.org/wiki/Allianz_Arena,48Â°13â€²7.59â€³N 11Â°37â€²29.11â€³E,"48d 13' 7.59"" N  11d 37' 29.11"" E",48.218775,11.6247527777778,2. Bundesliga,Germany
1899 Hoffenheim,https://en.wikipedia.org/wiki/TSG_1899_Hoffenheim,Bundesliga,https://en.wikipedia.org/wiki/Wirsol_Rhein-Neckar-Arena,49Â°14â€²17.1â€³N 8Â°53â€²15.4â€³E,"49d 14' 17.1"" N  8d 53' 15.4"" E",49.2380833333333,8.88761111111111,Bundesliga,Germany
Aberdeen,https://en.wikipedia.org/wiki/Aberdeen_F.C.,Scottish Premiership,https://en.wikipedia.org/wiki/Pittodrie_Stadium,57Â°09â€²33â€³N 2Â°05â€²20â€³W,"57d 09' 33"" N  2d 05' 20"" W",57.1591666666667,-2.08888888888889,Scottish Premiership,Scotland
AFC Bournemouth,https://en.wikipedia.org/wiki/A.F.C._Bournemouth,Premier League,https://en.wikipedia.org/wiki/Dean_Court,50Â°44â€²07â€³N 1Â°50â€²18â€³W,"50d 44' 07"" N  1d 50' 18"" W",50.7352777777778,-1.83833333333333,Premier League,England
AGF,https://en.wikipedia.org/wiki/Aarhus_Gymnastikforening,Danish Superliga,https://en.wikipedia.org/wiki/Ceres_Park,56Â°7â€²55â€³N 10Â°11â€²47â€³E,"56d 7' 55"" N  10d 11' 47"" E",56.1319444444444,10.1963888888889,Danish Superliga,Denmark
AIK,https://en.wikipedia.org/wiki/AIK_Fotboll,Allsvenskan,https://en.wikipedia.org/wiki/Friends_Arena,59Â°22â€²21â€³N 18Â°00â€²00â€³E,"59d 22' 21"" N  18d 00' 00"" E",59.3725,18,Allsvenskan,Sweden
Ajax,https://en.wikipedia.org/wiki/AFC_Ajax,Eredivisie,https://en.wikipedia.org/wiki/Amsterdam_ArenA,52Â°18â€²51â€³N 4Â°56â€²31â€³E,"52d 18' 51"" N  4d 56' 31"" E",52.3141666666667,4.94194444444444,Eredivisie,Netherlands
Al-Gharafa,https://en.wikipedia.org/wiki/Al-Gharafa_Sports_Club,Qatar Stars League,https://en.wikipedia.org/wiki/Al-Gharafa_Stadium,25Â°20â€²41â€³N 51Â°26â€²26â€³E,"25d 20' 41"" N  51d 26' 26"" E",25.3447222222222,51.4405555555556,Qatar Stars League,Qatar
Al-Ittihad,https://en.wikipedia.org/wiki/Ittihad_FC,Professional League,https://en.wikipedia.org/wiki/King_Abdullah_Sports_City,21Â°45â€²47.6â€³N 39Â°9â€²51â€³E,"21d 45' 47.6"" N  39d 9' 51"" E",21.7632222222222,39.1641666666667,Saudi Premier League,Saudi Arabia
Al-Sailiya,https://en.wikipedia.org/wiki/Al-Sailiya_SC,Qatar Stars League,https://en.wikipedia.org/wiki/Ahmed_bin_Ali_Stadium,25Â°19â€²50â€³N 51Â°20â€²29â€³E,"25d 19' 50"" N  51d 20' 29"" E",25.3305555555556,51.3413888888889,Qatar Stars League,Qatar
Amkar Perm,https://en.wikipedia.org/wiki/FC_Amkar_Perm,Russian Premier League,https://en.wikipedia.org/wiki/Zvezda_Stadium,57Â°59â€²26.50â€³N 56Â°14â€²40.69â€³E,"57d 59' 26.50"" N  56d 14' 40.69"" E",57.9906944444444,56.2446361111111,Russian Premier League,Russia
Arsenal,https://en.wikipedia.org/wiki/Arsenal_F.C.,Premier League,https://en.wikipedia.org/wiki/Emirates_Stadium,51Â°33â€²18â€³N 0Â°6â€²31â€³W,"51d 33' 18"" N  0d 6' 31"" W",51.555,-0.108611111111111,Premier League,England
Arsenal,https://en.wikipedia.org/wiki/Arsenal_FC,Premier League,https://en.wikipedia.org/wiki/Emirates_Stadium,51Â°33â€²18â€³N 0Â°6â€²31â€³W,"51d 33' 18"" N  0d 6' 31"" W",51.555,-0.108611111111111,Premier League,England
Aston Villa,https://en.wikipedia.org/wiki/Aston_Villa_F.C.,Championship,https://en.wikipedia.org/wiki/Villa_Park,52Â°30â€²33â€³N 1Â°53â€²5â€³W,"52d 30' 33"" N  1d 53' 5"" W",52.5091666666667,-1.88472222222222,Football_League_Championship,England
Astra Giurgiu,https://en.wikipedia.org/wiki/FC_Astra_Giurgiu,Liga I,https://en.wikipedia.org/wiki/Stadionul_Marin_Anastasovici,43Â°53â€²46â€³N 25Â°58â€²53â€³E,"43d 53' 46"" N  25d 58' 53"" E",43.8961111111111,25.9813888888889,Liga I,Romania
Athletic Bilbao,https://en.wikipedia.org/wiki/Athletic_Bilbao,La Liga,https://en.wikipedia.org/wiki/San_Mam%C3%A9s_Stadium_(2013),43Â°15â€²51â€³N 2Â°57â€²01â€³W,"43d 15' 51"" N  2d 57' 01"" W",43.2641666666667,-2.95027777777778,La Liga,Spain
Atlético Madrid,https://en.wikipedia.org/wiki/Atl%C3%A9tico_Madrid,La Liga,https://en.wikipedia.org/wiki/Vicente_Calder%C3%B3n_Stadium,40Â°24â€²6.19â€³N 3Â°43â€²14.18â€³W,"40d 24' 6.19"" N  3d 43' 14.18"" W",40.4017194444444,-3.72060555555556,La Liga,Spain
Austria Wien,https://en.wikipedia.org/wiki/FK_Austria_Wien,Austrian Bundesliga,https://en.wikipedia.org/wiki/Franz_Horr_Stadium,48Â°9â€²44.30â€³N 16Â°23â€²12.17â€³E,"48d 9' 44.30"" N  16d 23' 12.17"" E",48.1623055555556,16.3867138888889,Austrian Bundesliga,Austria
Barcelona,https://en.wikipedia.org/wiki/FC_Barcelona,La Liga,https://en.wikipedia.org/wiki/Camp_Nou,41Â°22â€²51â€³N 2Â°07â€²22â€³E,"41d 22' 51"" N  2d 07' 22"" E",41.3808333333333,2.12277777777778,La Liga,Spain
Basel,https://en.wikipedia.org/wiki/FC_Basel,Swiss Super League,https://en.wikipedia.org/wiki/St._Jakob-Park,47Â°32â€²29.67â€³N 7Â°37â€²12.65â€³E,"47d 32' 29.67"" N  7d 37' 12.65"" E",47.541575,7.62018055555556,Swiss Super League,Switzerland
Baumit Jablonec,https://en.wikipedia.org/wiki/FK_Baumit_Jablonec,Czech First League,https://en.wikipedia.org/wiki/Stadion_St%C5%99elnice,50Â°42â€²53.87â€³N 15Â°09â€²44.01â€³E,"50d 42' 53.87"" N  15d 09' 44.01"" E",50.7149638888889,15.162225,Czech First League,Czech Republic
Bayer Leverkusen,https://en.wikipedia.org/wiki/Bayer_04_Leverkusen,Bundesliga,https://en.wikipedia.org/wiki/BayArena,51Â°2â€²17.72â€³N 7Â°0â€²7.94â€³E,"51d 2' 17.72"" N  7d 0' 7.94"" E",51.0382555555556,7.00220555555556,Bundesliga,Germany
Bayern Munich,https://en.wikipedia.org/wiki/FC_Bayern_Munich,Bundesliga,https://en.wikipedia.org/wiki/Allianz_Arena,48Â°13â€²7.59â€³N 11Â°37â€²29.11â€³E,"48d 13' 7.59"" N  11d 37' 29.11"" E",48.218775,11.6247527777778,Bundesliga,Germany
Beijing Guoan,https://en.wikipedia.org/wiki/Beijing_Guoan,Chinese Super League,https://en.wikipedia.org/wiki/Workers_Stadium,39Â°55â€²46.3â€³N 116Â°26â€²28.1â€³E,"39d 55' 46.3"" N  116d 26' 28.1"" E",39.9295277777778,116.441138888889,Chinese Super League,People's Republic of China
Benfica,https://en.wikipedia.org/wiki/S.L._Benfica,Primeira Liga,https://en.wikipedia.org/wiki/Est%C3%A1dio_da_Luz,38Â°45â€²10â€³N 9Â°11â€²05â€³W,"38d 45' 10"" N  9d 11' 05"" W",38.7527777777778,-9.18472222222222,Primeira Liga,Portugal
Beşiktaş,https://en.wikipedia.org/wiki/Be%C5%9Fikta%C5%9F_JK,SÃ¼per Lig,https://en.wikipedia.org/wiki/Vodafone_Arena,41Â°02â€²21.14â€³N 28Â°59â€²41.07â€³E,"41d 02' 21.14"" N  28d 59' 41.07"" E",41.0392055555556,28.9947416666667,Süper_Lig,Turkey
Beşiktaş,https://en.wikipedia.org/wiki/Be%C5%9Fikta%C5%9F_J.K,SÃ¼per Lig,https://en.wikipedia.org/wiki/Vodafone_Arena,41Â°02â€²21.14â€³N 28Â°59â€²41.07â€³E,"41d 02' 21.14"" N  28d 59' 41.07"" E",41.0392055555556,28.9947416666667,Süper_Lig,Turkey
Beşiktaş,https://en.wikipedia.org/wiki/Be%C5%9Fikta%C5%9F_J.K.,SÃ¼per Lig,https://en.wikipedia.org/wiki/Vodafone_Arena,41Â°02â€²21.14â€³N 28Â°59â€²41.07â€³E,"41d 02' 21.14"" N  28d 59' 41.07"" E",41.0392055555556,28.9947416666667,Süper_Lig,Turkey
Birmingham City,https://en.wikipedia.org/wiki/Birmingham_City_F.C.,Championship,https://en.wikipedia.org/wiki/St_Andrew%27s_(stadium),52Â°28â€²32.53â€³N 1Â°52â€²05.48â€³W,"52d 28' 32.53"" N  1d 52' 05.48"" W",52.4757027777778,-1.86818888888889,Football_League_Championship,England
Blackburn Rovers,https://en.wikipedia.org/wiki/Blackburn_Rovers_F.C.,Championship,https://en.wikipedia.org/wiki/Ewood_Park,53Â°43â€²43â€³N 2Â°29â€²21â€³W,"53d 43' 43"" N  2d 29' 21"" W",53.7286111111111,-2.48916666666667,Football_League_Championship,England
Bodø/Glimt,https://en.wikipedia.org/wiki/FK_Bod%C3%B8/Glimt,Tippeligaen,https://en.wikipedia.org/wiki/Aspmyra_Stadion,67Â°16â€²35.9â€³N 14Â°23â€²3.6â€³E,"67d 16' 35.9"" N  14d 23' 3.6"" E",67.2766388888889,14.3843333333333,Tippeligaen,Norway
Bologna,https://en.wikipedia.org/wiki/Bologna_F.C._1909,Serie A,https://en.wikipedia.org/wiki/Stadio_Renato_Dall%27Ara,44Â°29â€²32.33â€³N 11Â°18â€²34.80â€³E,"44d 29' 32.33"" N  11d 18' 34.80"" E",44.4923138888889,11.3096666666667,Serie A,Italy
Bordeaux,https://en.wikipedia.org/wiki/FC_Girondins_de_Bordeaux,Ligue 1,https://en.wikipedia.org/wiki/Nouveau_Stade_de_Bordeaux,44Â°53â€²50â€³N 0Â°33â€²42â€³W,"44d 53' 50"" N  0d 33' 42"" W",44.8972222222222,-0.561666666666667,Ligue 1,France
Borussia Dortmund,https://en.wikipedia.org/wiki/Borussia_Dortmund,Bundesliga,https://en.wikipedia.org/wiki/Westfalenstadion,51Â°29â€²33.25â€³N 7Â°27â€²6.63â€³E,"51d 29' 33.25"" N  7d 27' 6.63"" E",51.4925694444444,7.45184166666667,Bundesliga,Germany
Borussia Mönchengladbach,https://en.wikipedia.org/wiki/Borussia_M%C3%B6nchengladbach,Bundesliga,https://en.wikipedia.org/wiki/Borussia-Park,51Â°10â€²28.50â€³N 6Â°23â€²7.67â€³E,"51d 10' 28.50"" N  6d 23' 7.67"" E",51.1745833333333,6.38546388888889,Bundesliga,Germany
Braga,https://en.wikipedia.org/wiki/S.C._Braga,Primeira Liga,https://en.wikipedia.org/wiki/Est%C3%A1dio_Municipal_de_Braga,41Â°33â€²45.1â€³N 8Â°25â€²47.6â€³W,"41d 33' 45.1"" N  8d 25' 47.6"" W",41.5625277777778,-8.42988888888889,Primeira Liga,Portugal
Brighton & Hove Albion,https://en.wikipedia.org/wiki/Brighton_%26_Hove_Albion_F.C.,Championship,https://en.wikipedia.org/wiki/Falmer_Stadium,50Â°51â€²42.56â€³N 0Â°4â€²59.80â€³W,"50d 51' 42.56"" N  0d 4' 59.80"" W",50.8618222222222,-0.0832777777777778,Football_League_Championship,England
Burnley,https://en.wikipedia.org/wiki/Burnley_F.C.,Premier League,https://en.wikipedia.org/wiki/Turf_Moor,53Â°47â€²21â€³N 2Â°13â€²49â€³W,"53d 47' 21"" N  2d 13' 49"" W",53.7891666666667,-2.23027777777778,Premier League,England
Bursaspor,https://en.wikipedia.org/wiki/Bursaspor,SÃ¼per Lig,https://en.wikipedia.org/wiki/Timsah_Arena,40Â°12â€²38.8â€³N 29Â°00â€²33.6â€³E,"40d 12' 38.8"" N  29d 00' 33.6"" E",40.2107777777778,29.0093333333333,Süper_Lig,Turkey
Cagliari,https://en.wikipedia.org/wiki/Cagliari_Calcio,Serie A,https://en.wikipedia.org/wiki/Stadio_Sant%27Elia,39Â°11â€²57.82â€³N 9Â°8â€²5.83â€³E,"39d 11' 57.82"" N  9d 8' 5.83"" E",39.1993944444444,9.13495277777778,Serie A,Italy
Cardiff City,https://en.wikipedia.org/wiki/Cardiff_City_F.C.,Championship,https://en.wikipedia.org/wiki/Cardiff_City_Stadium,51Â°28â€²22â€³N 3Â°12â€²11â€³W,"51d 28' 22"" N  3d 12' 11"" W",51.4727777777778,-3.20305555555556,Football_League_Championship,England
Celta Vigo,https://en.wikipedia.org/wiki/Celta_de_Vigo,La Liga,https://en.wikipedia.org/wiki/Bala%C3%ADdos,42Â°12â€²43â€³N 8Â°44â€²23â€³W,"42d 12' 43"" N  8d 44' 23"" W",42.2119444444444,-8.73972222222222,La Liga,Spain
Celtic,https://en.wikipedia.org/wiki/Celtic_F.C.,Scottish Premiership,https://en.wikipedia.org/wiki/Celtic_Park,55Â°50â€²58.96â€³N 4Â°12â€²20.12â€³W,"55d 50' 58.96"" N  4d 12' 20.12"" W",55.8497111111111,-4.20558888888889,Scottish Premiership,Scotland
Cesena,https://en.wikipedia.org/wiki/A.C._Cesena,Serie B,https://en.wikipedia.org/wiki/Stadio_Dino_Manuzzi,44Â°8â€²26â€³N 12Â°15â€²43â€³E,"44d 8' 26"" N  12d 15' 43"" E",44.1405555555556,12.2619444444444,Serie B,Italy
Charlton Athletic,https://en.wikipedia.org/wiki/Charlton_Athletic_F.C.,League One,https://en.wikipedia.org/wiki/The_Valley_(London),51Â°29â€²11â€³N 0Â°2â€²11â€³E,"51d 29' 11"" N  0d 2' 11"" E",51.4863888888889,0.0363888888888889,League One,England
Chelsea,https://en.wikipedia.org/wiki/Chelsea_F.C.,Premier League,https://en.wikipedia.org/wiki/Stamford_Bridge_(stadium),51Â°28â€²54â€³N 0Â°11â€²28â€³W,"51d 28' 54"" N  0d 11' 28"" W",51.4816666666667,-0.191111111111111,Premier League,England
Club Brugge,https://en.wikipedia.org/wiki/Club_Brugge_KV,Belgian Pro League,https://en.wikipedia.org/wiki/Jan_Breydel_Stadium,51Â°11â€²35.78â€³N 3Â°10â€²50.10â€³E,"51d 11' 35.78"" N  3d 10' 50.10"" E",51.1932722222222,3.18058333333333,Belgian Pro League,Belgium
Colorado Rapids,https://en.wikipedia.org/wiki/Colorado_Rapids,Major League Soccer,https://en.wikipedia.org/wiki/Dick%27s_Sporting_Goods_Park,39Â°48â€²20â€³N 104Â°53â€²31â€³W,"39d 48' 20"" N  104d 53' 31"" W",39.8055555555556,-104.891944444444,Major League Soccer,United States
Como,https://en.wikipedia.org/wiki/Calcio_Como,Lega Pro,https://en.wikipedia.org/wiki/Stadio_Giuseppe_Sinigaglia,45Â°48â€²50â€³N 9Â°4â€²20â€³E,"45d 48' 50"" N  9d 4' 20"" E",45.8138888888889,9.07222222222222,Lega Pro,Italy
Copenhagen,https://en.wikipedia.org/wiki/F.C._Copenhagen,Superliga,https://en.wikipedia.org/wiki/Telia_Parken,55Â°42â€²08.89â€³N 12Â°34â€²19.93â€³E,"55d 42' 08.89"" N  12d 34' 19.93"" E",55.7024694444444,12.5722027777778,Danish_Superliga,Denmark
Córdoba,https://en.wikipedia.org/wiki/C%C3%B3rdoba_CF,Segunda DivisiÃ³n,https://en.wikipedia.org/wiki/Estadio_Nuevo_Arc%C3%A1ngel,37Â°52â€²20.26â€³N 4Â°45â€²52.71â€³W,"37d 52' 20.26"" N  4d 45' 52.71"" W",37.8722944444444,-4.76464166666667,Segunda_División,Spain
Cracovia,https://en.wikipedia.org/wiki/KS_Cracovia_(football),Ekstraklasa,https://en.wikipedia.org/wiki/Marshal_J%C3%B3zef_Pi%C5%82sudski_Stadium,50Â°03â€²29â€³N 19Â°55â€²11â€³E,"50d 03' 29"" N  19d 55' 11"" E",50.0580555555556,19.9197222222222,Ekstraklasa,Poland
Crystal Palace,https://en.wikipedia.org/wiki/Crystal_Palace_F.C.,Premier League,https://en.wikipedia.org/wiki/Selhurst_Park,51Â°23â€²54â€³N 0Â°5â€²8â€³W,"51d 23' 54"" N  0d 5' 8"" W",51.3983333333333,-0.0855555555555556,Premier League,England
CSKA Moscow,https://en.wikipedia.org/wiki/PFC_CSKA_Moscow,Russian Premier League,https://en.wikipedia.org/wiki/CSKA_Moscow_Stadium,55Â°47â€²29â€³N 37Â°30â€²58â€³E,"55d 47' 29"" N  37d 30' 58"" E",55.7913888888889,37.5161111111111,Russian Premier League,Russia
Darmstadt 98,https://en.wikipedia.org/wiki/SV_Darmstadt_98,Bundesliga,https://en.wikipedia.org/wiki/Merck-Stadion_am_B%C3%B6llenfalltor,49Â°51â€²28â€³N 8Â°40â€²20â€³E,"49d 51' 28"" N  8d 40' 20"" E",49.8577777777778,8.67222222222222,Bundesliga,Germany
Debrecen,https://en.wikipedia.org/wiki/Debreceni_VSC,OTP Bank Liga,https://en.wikipedia.org/wiki/Nagyerdei_Stadion,47Â°33â€²14â€³N 21Â°38â€²00â€³E,"47d 33' 14"" N  21d 38' 00"" E",47.5538888888889,21.6333333333333,OTP Bank Liga,Hungary
Derby County,https://en.wikipedia.org/wiki/Derby_County_F.C.,Championship,https://en.wikipedia.org/wiki/Pride_Park_Stadium,52Â°54â€²54â€³N 1Â°26â€²50â€³W,"52d 54' 54"" N  1d 26' 50"" W",52.915,-1.44722222222222,Football_League_Championship,England
Dinamo București,https://en.wikipedia.org/wiki/FC_Dinamo_Bucure%C8%99ti,Liga I,https://en.wikipedia.org/wiki/Stadionul_Dinamo,44Â°27â€²18.30â€³N 26Â°6â€²08.80â€³E,"44d 27' 18.30"" N  26d 6' 08.80"" E",44.4550833333333,26.1024444444444,Liga I,Romania
Dinamo Zagreb,https://en.wikipedia.org/wiki/GNK_Dinamo_Zagreb,Prva HNL,https://en.wikipedia.org/wiki/Stadion_Maksimir,45Â°49â€²7.89â€³N 16Â°1â€²5.08â€³E,"45d 49' 7.89"" N  16d 1' 5.08"" E",45.8188583333333,16.0180777777778,Croatian_First_Football_League,Croatia
Diósgyőri VTK,https://en.wikipedia.org/wiki/Di%C3%B3sgy%C5%91ri_VTK,OTP Bank Liga,https://en.wikipedia.org/wiki/DVTK_Stadion,48Â°5â€²58â€³N 20Â°43â€²2â€³E,"48d 5' 58"" N  20d 43' 2"" E",48.0994444444444,20.7172222222222,OTP Bank Liga,Hungary
Dnipro Dnipropetrovsk,https://en.wikipedia.org/wiki/FC_Dnipro_Dnipropetrovsk,Ukrainian Premier League,https://en.wikipedia.org/wiki/Dnipro-Arena,48Â°27â€²37.2â€³N 35Â°1â€²56.9â€³E,"48d 27' 37.2"" N  35d 1' 56.9"" E",48.4603333333333,35.0324722222222,Ukrainian Premier League,Ukraine
Doncaster Rovers,https://en.wikipedia.org/wiki/Doncaster_Rovers_F.C.,League Two,https://en.wikipedia.org/wiki/Keepmoat_Stadium,53Â°30â€²35â€³N 1Â°6â€²50â€³W,"53d 30' 35"" N  1d 6' 50"" W",53.5097222222222,-1.11388888888889,League Two,England
Dynamo Kyiv,https://en.wikipedia.org/wiki/FC_Dynamo_Kyiv,Ukrainian Premier League,https://en.wikipedia.org/wiki/Olimpiyskiy_National_Sports_Complex,50Â°26â€²0.38â€³N 30Â°31â€²19.61â€³E,"50d 26' 0.38"" N  30d 31' 19.61"" E",50.4334388888889,30.5221138888889,Ukrainian Premier League,Ukraine
Dynamo Moscow,https://en.wikipedia.org/wiki/FC_Dynamo_Moscow,Russian Football National League,https://en.wikipedia.org/wiki/Arena_Khimki,55Â°53â€²07â€³N 37Â°27â€²15â€³E,"55d 53' 07"" N  37d 27' 15"" E",55.8852777777778,37.4541666666667,Russian Football National League,Russia
Eintracht Frankfurt,https://en.wikipedia.org/wiki/Eintracht_Frankfurt,Bundesliga,https://en.wikipedia.org/wiki/Commerzbank-Arena,50Â°4â€²7â€³N 8Â°38â€²43â€³E,"50d 4' 7"" N  8d 38' 43"" E",50.0686111111111,8.64527777777778,Bundesliga,Germany
Empoli,https://en.wikipedia.org/wiki/Empoli_F.C.,Serie A,https://en.wikipedia.org/wiki/Stadio_Carlo_Castellani,43Â°43â€²35â€³N 10Â°57â€²18â€³E,"43d 43' 35"" N  10d 57' 18"" E",43.7263888888889,10.955,Serie A,Italy
Everton,https://en.wikipedia.org/wiki/Everton_F.C.,Premier League,https://en.wikipedia.org/wiki/Goodison_Park,53Â°26â€²20â€³N 2Â°57â€²59â€³W,"53d 26' 20"" N  2d 57' 59"" W",53.4388888888889,-2.96638888888889,Premier League,England
FC Augsburg,https://en.wikipedia.org/wiki/FC_Augsburg,Bundesliga,https://en.wikipedia.org/wiki/WWK_ARENA,48Â°19â€²23.3â€³N 10Â°53â€²9.6â€³E,"48d 19' 23.3"" N  10d 53' 9.6"" E",48.3231388888889,10.886,Bundesliga,Germany
FC Nordsjælland,https://en.wikipedia.org/wiki/FC_Nordsj%C3%A6lland,Danish Superliga,https://en.wikipedia.org/wiki/Farum_Park,55Â°48â€²57â€³N 12Â°21â€²12â€³E,"55d 48' 57"" N  12d 21' 12"" E",55.8158333333333,12.3533333333333,Danish Superliga,Denmark
Fenerbahçe,https://en.wikipedia.org/wiki/Fenerbah%C3%A7e_SK_(football),SÃ¼per Lig,https://en.wikipedia.org/wiki/%C5%9E%C3%BCkr%C3%BC_Saraco%C4%9Flu_Stadium,40Â°59â€²16â€³N 29Â°02â€²12â€³E,"40d 59' 16"" N  29d 02' 12"" E",40.9877777777778,29.0366666666667,Süper_Lig,Turkey
Fenerbahçe,https://en.wikipedia.org/wiki/Fenerbah%C3%A7e_S.K._(football),SÃ¼per Lig,https://en.wikipedia.org/wiki/%C5%9E%C3%BCkr%C3%BC_Saraco%C4%9Flu_Stadium,40Â°59â€²16â€³N 29Â°02â€²12â€³E,"40d 59' 16"" N  29d 02' 12"" E",40.9877777777778,29.0366666666667,Süper_Lig,Turkey
Ferencváros,https://en.wikipedia.org/wiki/Ferencv%C3%A1rosi_TC,OTP Bank Liga,https://en.wikipedia.org/wiki/Groupama_Arena,47Â°28â€²32â€³N 19Â°5â€²43â€³E,"47d 28' 32"" N  19d 5' 43"" E",47.4755555555556,19.0952777777778,OTP Bank Liga,Hungary
Fiorentina,https://en.wikipedia.org/wiki/ACF_Fiorentina,Serie A,https://en.wikipedia.org/wiki/Stadio_Artemio_Franchi,43Â°46â€²50.96â€³N 11Â°16â€²56.13â€³E,"43d 46' 50.96"" N  11d 16' 56.13"" E",43.7808222222222,11.2822583333333,Serie A,Italy
Fiorentina,https://en.wikipedia.org/wiki/A.C.F._Fiorentina,Serie A,https://en.wikipedia.org/wiki/Stadio_Artemio_Franchi,43Â°46â€²50.96â€³N 11Â°16â€²56.13â€³E,"43d 46' 50.96"" N  11d 16' 56.13"" E",43.7808222222222,11.2822583333333,Serie A,Italy
Fleetwood Town,https://en.wikipedia.org/wiki/Fleetwood_Town_F.C.,League One,https://en.wikipedia.org/wiki/Highbury_Stadium_(Fleetwood),53Â°54â€²59â€³N 3Â°01â€²29â€³W,"53d 54' 59"" N  3d 01' 29"" W",53.9163888888889,-3.02472222222222,League One,England
Frosinone,https://en.wikipedia.org/wiki/Frosinone_Calcio,Serie B,https://en.wikipedia.org/wiki/Stadio_Matusa,41Â°38â€²16â€³N 13Â°20â€²35â€³E,"41d 38' 16"" N  13d 20' 35"" E",41.6377777777778,13.3430555555556,Serie B,Italy
Fulham,https://en.wikipedia.org/wiki/Fulham_F.C.,Championship,https://en.wikipedia.org/wiki/Craven_Cottage,51Â°28â€²30â€³N 0Â°13â€²18â€³W,"51d 28' 30"" N  0d 13' 18"" W",51.475,-0.221666666666667,Football_League_Championship,England
Galatasaray,https://en.wikipedia.org/wiki/Galatasaray_S.K._(football),SÃ¼per Lig,https://en.wikipedia.org/wiki/T%C3%BCrk_Telekom_Arena,41Â°6â€²10.33â€³N 28Â°59â€²25.51â€³E,"41d 6' 10.33"" N  28d 59' 25.51"" E",41.1028694444444,28.9904194444444,Süper_Lig,Turkey
Gençlerbirliği,https://en.wikipedia.org/wiki/Gen%C3%A7lerbirli%C4%9Fi_S.K.,SÃ¼per Lig,https://en.wikipedia.org/wiki/Ankara_19_Mayis_Stadium,39Â°56â€²24.34â€³N 32Â°50â€²44.45â€³E,"39d 56' 24.34"" N  32d 50' 44.45"" E",39.9400944444444,32.8456805555556,Süper_Lig,Turkey
Genk,https://en.wikipedia.org/wiki/K.R.C._Genk,Belgian Pro League,https://en.wikipedia.org/wiki/Cristal_Arena,51Â°00â€²18â€³N 5Â°32â€²00â€³E,"51d 00' 18"" N  5d 32' 00"" E",51.005,5.53333333333333,Belgian Pro League,Belgium
Genoa,https://en.wikipedia.org/wiki/Genoa_C.F.C.,Serie A,https://en.wikipedia.org/wiki/Stadio_Luigi_Ferraris,44Â°24â€²59.15â€³N 8Â°57â€²8.74â€³E,"44d 24' 59.15"" N  8d 57' 8.74"" E",44.4164305555556,8.95242777777778,Serie A,Italy
GIF Sundsvall,https://en.wikipedia.org/wiki/GIF_Sundsvall,Allsvenskan,https://en.wikipedia.org/wiki/Norrporten_Arena,62Â°23â€²38.82â€³N 17Â°18â€²4.6â€³E,"62d 23' 38.82"" N  17d 18' 4.6"" E",62.3941166666667,17.3012777777778,Allsvenskan,Sweden
Gillingham,https://en.wikipedia.org/wiki/Gillingham_F.C.,League One,https://en.wikipedia.org/wiki/Priestfield_Stadium,51Â°23â€²3.3â€³N 0Â°33â€²38.71â€³E,"51d 23' 3.3"" N  0d 33' 38.71"" E",51.38425,0.560752777777778,League One,England
Grasshopper,https://en.wikipedia.org/wiki/Grasshopper_Club_Z%C3%BCrich,Raiffeisen Super League,https://en.wikipedia.org/wiki/Letzigrund,47Â°22â€²58.06â€³N 8Â°30â€²15.71â€³E,"47d 22' 58.06"" N  8d 30' 15.71"" E",47.3827944444444,8.50436388888889,Raiffeisen Super League,Switzerland
Grasshoppers,https://en.wikipedia.org/wiki/Grasshopper_Club_Z%C3%BCrich,Raiffeisen Super League,https://en.wikipedia.org/wiki/Letzigrund,47Â°22â€²58.06â€³N 8Â°30â€²15.71â€³E,"47d 22' 58.06"" N  8d 30' 15.71"" E",47.3827944444444,8.50436388888889,Raiffeisen Super League,Switzerland
Hajduk Split,https://en.wikipedia.org/wiki/HNK_Hajduk_Split,Prva HNL,https://en.wikipedia.org/wiki/Stadion_Poljud,43Â°31â€²10â€³N 16Â°25â€²54â€³E,"43d 31' 10"" N  16d 25' 54"" E",43.5194444444444,16.4316666666667,Croatian_First_Football_League,Croatia
Haladás,https://en.wikipedia.org/wiki/Szombathelyi_Halad%C3%A1s,NB I,https://en.wikipedia.org/wiki/Rohonci_%C3%BAti_Stadion,47Â°14â€²05â€³N 16Â°36â€²26â€³E,"47d 14' 05"" N  16d 36' 26"" E",47.2347222222222,16.6072222222222,NB I,Hungary
Hamburger SV,https://en.wikipedia.org/wiki/Hamburger_SV,Bundesliga,https://en.wikipedia.org/wiki/Volksparkstadion,53Â°35â€²13.77â€³N 9Â°53â€²55.02â€³E,"53d 35' 13.77"" N  9d 53' 55.02"" E",53.5871583333333,9.89861666666667,Bundesliga,Germany
Hamilton Academical,https://en.wikipedia.org/wiki/Hamilton_Academical_F.C.,Scottish Premiership,https://en.wikipedia.org/wiki/New_Douglas_Park,55Â°46â€²55.76â€³N 4Â°03â€²30.61â€³W,"55d 46' 55.76"" N  4d 03' 30.61"" W",55.7821555555556,-4.05850277777778,Scottish Premiership,Scotland
Hammarby IF,https://en.wikipedia.org/wiki/Hammarby_Fotboll,Allsvenskan,https://en.wikipedia.org/wiki/Tele2_Arena,59Â°17â€²27â€³N 18Â°05â€²07â€³E,"59d 17' 27"" N  18d 05' 07"" E",59.2908333333333,18.0852777777778,Allsvenskan,Sweden
Hannover 96,https://en.wikipedia.org/wiki/Hannover_96,2. Bundesliga,https://en.wikipedia.org/wiki/HDI-Arena,52Â°21â€²36.24â€³N 9Â°43â€²52.31â€³E,"52d 21' 36.24"" N  9d 43' 52.31"" E",52.3600666666667,9.73119722222222,2. Bundesliga,Germany
Hapoel Be'er Sheva,https://en.wikipedia.org/wiki/Hapoel_Be%27er_Sheva_F.C.,Israeli Premier League,https://en.wikipedia.org/wiki/Turner_Stadium,31Â°16â€²23.34â€³N 34Â°46â€²45.7â€³E,"31d 16' 23.34"" N  34d 46' 45.7"" E",31.27315,34.7793611111111,Israeli Premier League,Israel
Hertha BSC,https://en.wikipedia.org/wiki/Hertha_BSC,Bundesliga,https://en.wikipedia.org/wiki/Olympiastadion_(Berlin),52Â°30â€²53â€³N 13Â°14â€²22â€³E,"52d 30' 53"" N  13d 14' 22"" E",52.5147222222222,13.2394444444444,Bundesliga,Germany
Hull City,https://en.wikipedia.org/wiki/Hull_City_A.F.C.,Premier League,https://en.wikipedia.org/wiki/KC_Stadium,53Â°44â€²46â€³N 0Â°22â€²4â€³W,"53d 44' 46"" N  0d 22' 4"" W",53.7461111111111,-0.367777777777778,Premier League,England
IFK Göteborg,https://en.wikipedia.org/wiki/IFK_G%C3%B6teborg,Allsvenskan,https://en.wikipedia.org/wiki/Gamla_Ullevi,57Â°42â€²22â€³N 11Â°58â€²50â€³E,"57d 42' 22"" N  11d 58' 50"" E",57.7061111111111,11.9805555555556,Allsvenskan,Sweden
IFK Norrköping,https://en.wikipedia.org/wiki/IFK_Norrk%C3%B6ping,Allsvenskan,https://en.wikipedia.org/wiki/%C3%96stg%C3%B6taporten,58Â°35â€²3.5â€³N 16Â°10â€²23â€³E,"58d 35' 3.5"" N  16d 10' 23"" E",58.5843055555556,16.1730555555556,Allsvenskan,Sweden
Ingolstadt 04,https://en.wikipedia.org/wiki/FC_Ingolstadt_04,Bundesliga,https://en.wikipedia.org/wiki/Audi-Sportpark,48Â°44â€²43.66â€³N 11Â°29â€²7.84â€³E,"48d 44' 43.66"" N  11d 29' 7.84"" E",48.7454611111111,11.4855111111111,Bundesliga,Germany
Internazionale,https://en.wikipedia.org/wiki/Inter_Milan,Serie A,https://en.wikipedia.org/wiki/San_Siro,45Â°28â€²41â€³N 9Â°07â€²26â€³E,"45d 28' 41"" N  9d 07' 26"" E",45.4780555555556,9.12388888888889,Serie A,Italy
Inverness Caledonian Thistle,https://en.wikipedia.org/wiki/Inverness_Caledonian_Thistle_F.C.,Scottish Premiership,https://en.wikipedia.org/wiki/Caledonian_Stadium,57Â°29â€²41â€³N 4Â°13â€²03â€³W,"57d 29' 41"" N  4d 13' 03"" W",57.4947222222222,-4.2175,Scottish Premiership,Scotland
Ipswich Town,https://en.wikipedia.org/wiki/Ipswich_Town_F.C.,Championship,https://en.wikipedia.org/wiki/Portman_Road,52Â°3â€²18.22â€³N 1Â°8â€²41.39â€³E,"52d 3' 18.22"" N  1d 8' 41.39"" E",52.0550611111111,1.14483055555556,Football_League_Championship,England
İstanbul Başakşehir,https://en.wikipedia.org/wiki/%C4%B0stanbul_Ba%C5%9Fak%C5%9Fehir_F.K.,SÃ¼per Lig,https://en.wikipedia.org/wiki/Ba%C5%9Fak%C5%9Fehir_Fatih_Terim_Stadium,41Â°07â€²22.40â€³N 28Â°48â€²30.90â€³E,"41d 07' 22.40"" N  28d 48' 30.90"" E",41.1228888888889,28.8085833333333,Süper_Lig,Turkey
Juventus,https://en.wikipedia.org/wiki/Juventus_F.C.,Serie A,https://en.wikipedia.org/wiki/Juventus_Stadium,45Â°6â€²34â€³N 7Â°38â€²28â€³E,"45d 6' 34"" N  7d 38' 28"" E",45.1094444444444,7.64111111111111,Serie A,Italy
Kairat Almaty,https://en.wikipedia.org/wiki/FC_Kairat,Kazakhstan Premier League,https://en.wikipedia.org/wiki/Central_Stadium_(Almaty),43Â°14â€²17.99â€³N 76Â°55â€²27.66â€³E,"43d 14' 17.99"" N  76d 55' 27.66"" E",43.2383305555556,76.92435,Kazakhstan Premier League,Kazakhstan
Kasımpaşa,https://en.wikipedia.org/wiki/Kas%C4%B1mpa%C5%9Fa_Spor_Kul%C3%BCb%C3%BC,SÃ¼per Lig,https://en.wikipedia.org/wiki/Recep_Tayyip_Erdo%C4%9Fan_Stadium,41Â°01â€²58.10â€³N 28Â°58â€²20.36â€³E,"41d 01' 58.10"" N  28d 58' 20.36"" E",41.0328055555556,28.9723222222222,Süper_Lig,Turkey
Kilmarnock,https://en.wikipedia.org/wiki/Kilmarnock_F.C.,Scottish Premiership,https://en.wikipedia.org/wiki/Rugby_Park,55Â°36â€²15.21â€³N 4Â°30â€²29.24â€³W,"55d 36' 15.21"" N  4d 30' 29.24"" W",55.604225,-4.50812222222222,Scottish Premiership,Scotland
Krasnodar,https://en.wikipedia.org/wiki/FC_Krasnodar,Russian Premier League,https://en.wikipedia.org/wiki/Krasnodar_Stadium,45Â°02â€²39â€³N 39Â°01â€²46â€³E,"45d 02' 39"" N  39d 01' 46"" E",45.0441666666667,39.0294444444444,Russian Premier League,Russia
LA Galaxy,https://en.wikipedia.org/wiki/LA_Galaxy,Major League Soccer,https://en.wikipedia.org/wiki/StubHub_Center,33Â°51â€²52â€³N 118Â°15â€²40â€³W,"33d 51' 52"" N  118d 15' 40"" W",33.8644444444444,-118.261111111111,Major League Soccer,United States
Lazio,https://en.wikipedia.org/wiki/S.S._Lazio,Serie A,https://en.wikipedia.org/wiki/Stadio_Olimpico,41Â°56â€²1.99â€³N 12Â°27â€²17.23â€³E,"41d 56' 1.99"" N  12d 27' 17.23"" E",41.9338861111111,12.4547861111111,Serie A,Italy
Lech Poznań,https://en.wikipedia.org/wiki/Lech_Pozna%C5%84,Ekstraklasa,https://en.wikipedia.org/wiki/Stadion_Miejski_(Pozna%C5%84),52Â°23â€²51â€³N 16Â°51â€²28â€³E,"52d 23' 51"" N  16d 51' 28"" E",52.3975,16.8577777777778,Ekstraklasa,Poland
Lechia Gdańsk,https://en.wikipedia.org/wiki/Lechia_Gda%C5%84sk,Ekstraklasa,https://en.wikipedia.org/wiki/Stadion_Energa_Gda%C5%84sk,54Â°23â€²24â€³N 18Â°38â€²25â€³E,"54d 23' 24"" N  18d 38' 25"" E",54.39,18.6402777777778,Ekstraklasa,Poland
Leeds United,https://en.wikipedia.org/wiki/Leeds_United_F.C.,Championship,https://en.wikipedia.org/wiki/Elland_Road,53Â°46â€²40â€³N 1Â°34â€²20â€³W,"53d 46' 40"" N  1d 34' 20"" W",53.7777777777778,-1.57222222222222,Football_League_Championship,England
Legia Warsaw,https://en.wikipedia.org/wiki/Legia_Warsaw,Ekstraklasa,https://en.wikipedia.org/wiki/Polish_Army_Stadium,52Â°13â€²13.66â€³N 21Â°2â€²26.26â€³E,"52d 13' 13.66"" N  21d 2' 26.26"" E",52.2204611111111,21.0406277777778,Ekstraklasa,Poland
Leicester City,https://en.wikipedia.org/wiki/Leicester_City_F.C.,Premier League,https://en.wikipedia.org/wiki/King_Power_Stadium,52Â°37â€²13â€³N 1Â°8â€²32â€³W,"52d 37' 13"" N  1d 8' 32"" W",52.6202777777778,-1.14222222222222,Premier League,England
Lille,https://en.wikipedia.org/wiki/Lille_OSC,Ligue 1,https://en.wikipedia.org/wiki/Stade_Pierre-Mauroy,50Â°36â€²43â€³N 3Â°07â€²50â€³E,"50d 36' 43"" N  3d 07' 50"" E",50.6119444444444,3.13055555555556,Ligue 1,France
Liverpool,https://en.wikipedia.org/wiki/Liverpool_F.C.,Premier League,https://en.wikipedia.org/wiki/Anfield,53Â°25â€²50.98â€³N 2Â°57â€²39.05â€³W,"53d 25' 50.98"" N  2d 57' 39.05"" W",53.4308277777778,-2.96084722222222,Premier League,England
Lokeren,https://en.wikipedia.org/wiki/K.S.C._Lokeren_Oost-Vlaanderen,Belgian Pro League,https://en.wikipedia.org/wiki/Daknamstadion,51Â°6â€²59â€³N 3Â°59â€²14â€³E,"51d 6' 59"" N  3d 59' 14"" E",51.1163888888889,3.98722222222222,Belgian Pro League,Belgium
Lokomotiv Moscow,https://en.wikipedia.org/wiki/FC_Lokomotiv_Moscow,Russian Premier League,https://en.wikipedia.org/wiki/Lokomotiv_Stadium_(Moscow),55Â°48â€²13â€³N 37Â°44â€²28â€³E,"55d 48' 13"" N  37d 44' 28"" E",55.8036111111111,37.7411111111111,Russian Premier League,Russia
Lorient,https://en.wikipedia.org/wiki/FC_Lorient,Ligue 1,https://en.wikipedia.org/wiki/Stade_du_Moustoir,47Â°44â€²56â€³N 3Â°22â€²10â€³W,"47d 44' 56"" N  3d 22' 10"" W",47.7488888888889,-3.36944444444444,Ligue 1,France
Ludogorets Razgrad,https://en.wikipedia.org/wiki/PFC_Ludogorets_Razgrad,Parva Liga,https://en.wikipedia.org/wiki/Ludogorets_Arena,43Â°32â€²4.4â€³N 26Â°31â€²39.8â€³E,"43d 32' 4.4"" N  26d 31' 39.8"" E",43.5345555555556,26.5277222222222,Bulgarian_First_Professional_League,Bulgaria
Lugano,https://en.wikipedia.org/wiki/FC_Lugano,Raiffeisen Super League,https://en.wikipedia.org/wiki/Cornaredo_Stadium,46Â°01â€²25â€³N 8Â°57â€²42â€³E,"46d 01' 25"" N  8d 57' 42"" E",46.0236111111111,8.96166666666667,Raiffeisen Super League,Switzerland
Luzern,https://en.wikipedia.org/wiki/FC_Luzern,Swiss Super League,https://en.wikipedia.org/wiki/Swissporarena,47Â°02â€²00â€³N 8Â°18â€²19â€³E,"47d 02' 00"" N  8d 18' 19"" E",47.0333333333333,8.30527777777778,Swiss Super League,Switzerland
Lyon,https://en.wikipedia.org/wiki/Olympique_Lyonnais,Ligue 1,https://en.wikipedia.org/wiki/Parc_Olympique_Lyonnais,45Â°45â€²55â€³N 4Â°58â€²55â€³E,"45d 45' 55"" N  4d 58' 55"" E",45.7652777777778,4.98194444444444,Ligue 1,France
Mainz 05,https://en.wikipedia.org/wiki/1._FSV_Mainz_05,Bundesliga,https://en.wikipedia.org/wiki/Coface_Arena,49Â°59â€²3â€³N 8Â°13â€²27â€³E,"49d 59' 3"" N  8d 13' 27"" E",49.9841666666667,8.22416666666667,Bundesliga,Germany
Málaga,https://en.wikipedia.org/wiki/M%C3%A1laga_CF,La Liga,https://en.wikipedia.org/wiki/La_Rosaleda_Stadium,36Â°44â€²03â€³N 4Â°25â€²35â€³W,"36d 44' 03"" N  4d 25' 35"" W",36.7341666666667,-4.42638888888889,La Liga,Spain
Malmö FF,https://en.wikipedia.org/wiki/Malm%C3%B6_FF,Allsvenskan,https://en.wikipedia.org/wiki/Swedbank_Stadion,55Â°35â€²01â€³N 12Â°59â€²16â€³E,"55d 35' 01"" N  12d 59' 16"" E",55.5836111111111,12.9877777777778,Allsvenskan,Sweden
Manchester City,https://en.wikipedia.org/wiki/Manchester_City_F.C.,Premier League,https://en.wikipedia.org/wiki/City_of_Manchester_Stadium,53Â°28â€²59â€³N 2Â°12â€²1â€³W,"53d 28' 59"" N  2d 12' 1"" W",53.4830555555556,-2.20027777777778,Premier League,England
Manchester United,https://en.wikipedia.org/wiki/Manchester_United_F.C.,Premier League,https://en.wikipedia.org/wiki/Old_Trafford,53Â°27â€²47â€³N 2Â°17â€²29â€³W,"53d 27' 47"" N  2d 17' 29"" W",53.4630555555556,-2.29138888888889,Premier League,England
Marseille,https://en.wikipedia.org/wiki/Olympique_de_Marseille,Ligue 1,https://en.wikipedia.org/wiki/Stade_V%C3%A9lodrome,43Â°16â€²11â€³N 5Â°23â€²45â€³E,"43d 16' 11"" N  5d 23' 45"" E",43.2697222222222,5.39583333333333,Ligue 1,France
Mechelen,https://en.wikipedia.org/wiki/KV_Mechelen,Belgian Pro League,https://en.wikipedia.org/wiki/AFAS-stadion_Achter_de_Kazerne,51Â°02â€²14â€³N 4Â°29â€²11â€³E,"51d 02' 14"" N  4d 29' 11"" E",51.0372222222222,4.48638888888889,Belgian Pro League,Belgium
Melbourne City,https://en.wikipedia.org/wiki/Melbourne_City_FC,A-League,https://en.wikipedia.org/wiki/Melbourne_Rectangular_Stadium,37Â°49â€²31â€³S 144Â°59â€²2â€³E,"37d 49' 31"" S  144d 59' 2"" E",-37.8252777777778,144.983888888889,A-League,Australia  New Zealand
Milan,https://en.wikipedia.org/wiki/A.C._Milan,Serie A,https://en.wikipedia.org/wiki/San_Siro,45Â°28â€²41â€³N 9Â°07â€²26â€³E,"45d 28' 41"" N  9d 07' 26"" E",45.4780555555556,9.12388888888889,Serie A,Italy
Millwall,https://en.wikipedia.org/wiki/Millwall_F.C.,League One,https://en.wikipedia.org/wiki/The_Den,51Â°29â€²9.43â€³N 0Â°3â€²3.42â€³W,"51d 29' 9.43"" N  0d 3' 3.42"" W",51.4859527777778,-0.05095,League One,England
Milton Keynes Dons,https://en.wikipedia.org/wiki/Milton_Keynes_Dons,League One,https://en.wikipedia.org/wiki/Stadium_mk,52Â°00â€²34â€³N 00Â°44â€²00â€³W,"52d 00' 34"" N  00d 44' 00"" W",52.0094444444444,-0.733333333333333,League One,England
Milton Keynes Dons,https://en.wikipedia.org/wiki/Milton_Keynes_Dons_F.C.,League One,https://en.wikipedia.org/wiki/Stadium_mk,52Â°00â€²34â€³N 00Â°44â€²00â€³W,"52d 00' 34"" N  00d 44' 00"" W",52.0094444444444,-0.733333333333333,League One,England
Molde FK,https://en.wikipedia.org/wiki/Molde_FK,Tippeligaen,https://en.wikipedia.org/wiki/Aker_Stadion,62Â°44â€²0.0â€³N 7Â°8â€²52.1â€³E,"62d 44' 0.0"" N  7d 8' 52.1"" E",62.7333333333333,7.14780555555556,Tippeligaen,Norway
Monaco,https://en.wikipedia.org/wiki/AS_Monaco_FC,Ligue 1,https://en.wikipedia.org/wiki/Stade_Louis_II,43Â°43â€²39â€³N 7Â°24â€²56â€³E,"43d 43' 39"" N  7d 24' 56"" E",43.7275,7.41555555555556,Ligue 1,France
Montreal Impact,https://en.wikipedia.org/wiki/Montreal_Impact,Major League Soccer,https://en.wikipedia.org/wiki/Saputo_Stadium,45Â°33â€²47â€³N 73Â°33â€²9â€³W,"45d 33' 47"" N  73d 33' 9"" W",45.5630555555556,-73.5525,Major League Soccer,United States
MTK Budapest,https://en.wikipedia.org/wiki/MTK_Budapest_FC,OTP Bank Liga,https://en.wikipedia.org/wiki/Stadion_Hidegkuti_N%C3%A1ndor,47Â°29â€²27.31â€³N 19Â°6â€²24.21â€³E,"47d 29' 27.31"" N  19d 6' 24.21"" E",47.4909194444444,19.106725,OTP Bank Liga,Hungary
Nantes,https://en.wikipedia.org/wiki/FC_Nantes,Ligue 1,https://en.wikipedia.org/wiki/Stade_de_la_Beaujoire,47Â°15â€²20â€³N 1Â°31â€²31â€³W,"47d 15' 20"" N  1d 31' 31"" W",47.2555555555556,-1.52527777777778,Ligue 1,France
Napoli,https://en.wikipedia.org/wiki/S.S.C._Napoli,Serie A,https://en.wikipedia.org/wiki/Stadio_San_Paolo,40Â°49â€²41â€³N 14Â°11â€²35â€³E,"40d 49' 41"" N  14d 11' 35"" E",40.8280555555556,14.1930555555556,Serie A,Italy
Newcastle United,https://en.wikipedia.org/wiki/Newcastle_United_F.C.,Championship,https://en.wikipedia.org/wiki/St_James%27_Park,54Â°58â€²32â€³N 1Â°37â€²18â€³W,"54d 58' 32"" N  1d 37' 18"" W",54.9755555555556,-1.62166666666667,Football_League_Championship,England
Norwich City,https://en.wikipedia.org/wiki/Norwich_City_F.C.,Championship,https://en.wikipedia.org/wiki/Carrow_Road,52Â°37â€²19.66â€³N 1Â°18â€²31.15â€³E,"52d 37' 19.66"" N  1d 18' 31.15"" E",52.6221277777778,1.30865277777778,Football_League_Championship,England
Nottingham Forest,https://en.wikipedia.org/wiki/Nottingham_Forest_F.C.,Championship,https://en.wikipedia.org/wiki/City_Ground,52Â°56â€²24â€³N 1Â°7â€²58â€³W,"52d 56' 24"" N  1d 7' 58"" W",52.94,-1.13277777777778,Football_League_Championship,England
Notts County,https://en.wikipedia.org/wiki/Notts_County_F.C.,League Two,https://en.wikipedia.org/wiki/Meadow_Lane,52Â°56â€²33â€³N 1Â°8â€²14â€³W,"52d 56' 33"" N  1d 8' 14"" W",52.9425,-1.13722222222222,League Two,England
OB,https://en.wikipedia.org/wiki/Odense_Boldklub,Danish Superliga,https://en.wikipedia.org/wiki/TRE-FOR_Park,55Â°23â€²52â€³N 10Â°21â€²00â€³E,"55d 23' 52"" N  10d 21' 00"" E",55.3977777777778,10.35,Danish Superliga,Denmark
Olympiacos,https://en.wikipedia.org/wiki/Olympiacos_F.C.,Superleague Greece,https://en.wikipedia.org/wiki/Karaiskakis_Stadium,37Â°56â€²46.21â€³N 23Â°39â€²52.33â€³E,"37d 56' 46.21"" N  23d 39' 52.33"" E",37.9461694444444,23.6645361111111,Superleague Greece,Greece
Oostende,https://en.wikipedia.org/wiki/K.V._Oostende,Belgian Pro League,https://en.wikipedia.org/wiki/Albertparkstadion,51Â°13â€²01â€³N 2Â°53â€²11â€³E,"51d 13' 01"" N  2d 53' 11"" E",51.2169444444444,2.88638888888889,Belgian Pro League,Belgium
Osmanlıspor,https://en.wikipedia.org/wiki/Osmanl%C4%B1spor,SÃ¼per Lig,https://en.wikipedia.org/wiki/Osmanl%C4%B1_Stadyumu,40Â°0â€²41â€³N 32Â°30â€²8â€³E,"40d 0' 41"" N  32d 30' 8"" E",40.0113888888889,32.5022222222222,Süper_Lig,Turkey
Palermo,https://en.wikipedia.org/wiki/U.S._Citt%C3%A0_di_Palermo,Serie A,https://en.wikipedia.org/wiki/Stadio_Renzo_Barbera,38Â°9â€²9.96â€³N 13Â°20â€²32.19â€³E,"38d 9' 9.96"" N  13d 20' 32.19"" E",38.1527666666667,13.342275,Serie A,Italy
Panathinaikos,https://en.wikipedia.org/wiki/Panathinaikos_F.C.,Superleague Greece,https://en.wikipedia.org/wiki/Apostolos_Nikolaidis_Stadium,37Â°59â€²13.81â€³N 23Â°45â€²15.10â€³E,"37d 59' 13.81"" N  23d 45' 15.10"" E",37.9871694444444,23.7541944444444,Superleague Greece,Greece
Pandurii Târgu Jiu,https://en.wikipedia.org/wiki/CS_Pandurii_T%C3%A2rgu_Jiu,Liga I,https://en.wikipedia.org/wiki/Stadionul_Municipal_(Drobeta-Turnu_Severin),44Â°38â€²19â€³N 22Â°40â€²2â€³E,"44d 38' 19"" N  22d 40' 2"" E",44.6386111111111,22.6672222222222,Liga I,Romania
PAOK,https://en.wikipedia.org/wiki/PAOK_FC,Superleague Greece,https://en.wikipedia.org/wiki/Toumba_Stadium,40Â°36â€²49.82â€³N 22Â°58â€²20.72â€³E,"40d 36' 49.82"" N  22d 58' 20.72"" E",40.6138388888889,22.9724222222222,Superleague Greece,Greece
Paris Saint-Germain,https://en.wikipedia.org/wiki/Paris_Saint-Germain_F.C.,Ligue 1,https://en.wikipedia.org/wiki/Parc_des_Princes,48Â°50â€²29â€³N 2Â°15â€²11â€³E,"48d 50' 29"" N  2d 15' 11"" E",48.8413888888889,2.25305555555556,Ligue 1,France
Partizani Tirana,https://en.wikipedia.org/wiki/FK_Partizani_Tirana,Albanian Superliga,https://en.wikipedia.org/wiki/Qemal_Stafa_Stadium,41Â°19â€²5.93â€³N 19Â°49â€²26.67â€³E,"41d 19' 5.93"" N  19d 49' 26.67"" E",41.3183138888889,19.824075,Albanian Superliga,Albania
PAS Giannina,https://en.wikipedia.org/wiki/PAS_Giannina_F.C.,Superleague Greece,https://en.wikipedia.org/wiki/Zosimades_Stadium,39Â°40â€²3.53â€³N 20Â°50â€²55.21â€³E,"39d 40' 3.53"" N  20d 50' 55.21"" E",39.6676472222222,20.8486694444444,Superleague Greece,Greece
Pescara,https://en.wikipedia.org/wiki/Delfino_Pescara_1936,Serie B,https://en.wikipedia.org/wiki/Stadio_Adriatico,42Â°27â€²19â€³N 14Â°13â€²46â€³E,"42d 27' 19"" N  14d 13' 46"" E",42.4552777777778,14.2294444444444,Serie B,Italy
Porto,https://en.wikipedia.org/wiki/FC_Porto,Primeira Liga,https://en.wikipedia.org/wiki/Est%C3%A1dio_do_Drag%C3%A3o,41Â°09â€²42â€³N 8Â°35â€²02â€³W,"41d 09' 42"" N  8d 35' 02"" W",41.1616666666667,-8.58388888888889,Primeira Liga,Portugal
Puskás Akadémia,https://en.wikipedia.org/wiki/Pusk%C3%A1s_Akad%C3%A9mia_FC,Nemzeti BajnoksÃ¡g I,https://en.wikipedia.org/wiki/Pancho_Arena,47Â°27â€²50â€³N 18Â°35â€²12â€³E,"47d 27' 50"" N  18d 35' 12"" E",47.4638888888889,18.5866666666667,Nemzeti_Bajnokság_I,Hungary
Qarabağ,https://en.wikipedia.org/wiki/Qaraba%C4%9F_FK,Azerbaijan Premier League,https://en.wikipedia.org/wiki/Karabakh_Stadium,40Â°25â€²16â€³N 49Â°59â€²48â€³E,"40d 25' 16"" N  49d 59' 48"" E",40.4211111111111,49.9966666666667,Azerbaijan Premier League,Azerbaijan
Queens Park Rangers,https://en.wikipedia.org/wiki/Queens_Park_Rangers_F.C.,Championship,https://en.wikipedia.org/wiki/Loftus_Road,51Â°30â€²33â€³N 0Â°13â€²56â€³W,"51d 30' 33"" N  0d 13' 56"" W",51.5091666666667,-0.232222222222222,Football_League_Championship,England
Rapid Wien,https://en.wikipedia.org/wiki/SK_Rapid_Wien,Austrian Bundesliga,https://en.wikipedia.org/wiki/Ernst-Happel-Stadion,48Â°12â€²25.8â€³N 16Â°25â€²13.9â€³E,"48d 12' 25.8"" N  16d 25' 13.9"" E",48.2071666666667,16.4205277777778,Austrian Bundesliga,Austria
Rayo Vallecano,https://en.wikipedia.org/wiki/Rayo_Vallecano,Segunda DivisiÃ³n,https://en.wikipedia.org/wiki/Campo_de_F%C3%BAtbol_de_Vallecas,40Â°23â€²31.00â€³N 3Â°39â€²32.26â€³W,"40d 23' 31.00"" N  3d 39' 32.26"" W",40.3919444444444,-3.65896111111111,Segunda_División,Spain
RB Leipzig,https://en.wikipedia.org/wiki/RB_Leipzig,Bundesliga,https://en.wikipedia.org/wiki/Red_Bull_Arena_(Leipzig),51Â°20â€²44.86â€³N 12Â°20â€²53.59â€³E,"51d 20' 44.86"" N  12d 20' 53.59"" E",51.3457944444444,12.3482194444444,Bundesliga,Germany
Reading,https://en.wikipedia.org/wiki/Reading_F.C.,Championship,https://en.wikipedia.org/wiki/Madejski_Stadium,51Â°25â€²20â€³N 0Â°58â€²58â€³W,"51d 25' 20"" N  0d 58' 58"" W",51.4222222222222,-0.982777777777778,Football_League_Championship,England
Real Madrid,https://en.wikipedia.org/wiki/Real_Madrid_C.F.,La Liga,https://en.wikipedia.org/wiki/Santiago_Bernab%C3%A9u_Stadium,40Â°27â€²11â€³N 3Â°41â€²18â€³W,"40d 27' 11"" N  3d 41' 18"" W",40.4530555555556,-3.68833333333333,La Liga,Spain
Real Madrid,https://en.wikipedia.org/wiki/Real_Madrid,La Liga,https://en.wikipedia.org/wiki/Santiago_Bernab%C3%A9u_Stadium,40Â°27â€²11â€³N 3Â°41â€²18â€³W,"40d 27' 11"" N  3d 41' 18"" W",40.4530555555556,-3.68833333333333,La Liga,Spain
Rennes,https://en.wikipedia.org/wiki/Stade_Rennais_F.C.,Ligue 1,https://en.wikipedia.org/wiki/Roazhon_Park,48Â°6â€²26.85â€³N 1Â°42â€²46.22â€³W,"48d 6' 26.85"" N  1d 42' 46.22"" W",48.1074583333333,-1.71283888888889,Ligue 1,France
Rijeka,https://en.wikipedia.org/wiki/HNK_Rijeka,Prva HNL,https://en.wikipedia.org/wiki/Stadion_Rujevica,45Â°20â€²51â€³N 14Â°24â€²03â€³E,"45d 20' 51"" N  14d 24' 03"" E",45.3475,14.4008333333333,Croatian_First_Football_League,Croatia
Roma,https://en.wikipedia.org/wiki/A.S._Roma,Serie A,https://en.wikipedia.org/wiki/Stadio_Olimpico,41Â°56â€²1.99â€³N 12Â°27â€²17.23â€³E,"41d 56' 1.99"" N  12d 27' 17.23"" E",41.9338861111111,12.4547861111111,Serie A,Italy
Roma,https://en.wikipedia.org/wiki/AS_Roma,Serie A,https://en.wikipedia.org/wiki/Stadio_Olimpico,41Â°56â€²1.99â€³N 12Â°27â€²17.23â€³E,"41d 56' 1.99"" N  12d 27' 17.23"" E",41.9338861111111,12.4547861111111,Serie A,Italy
Ruch Chorzów,https://en.wikipedia.org/wiki/Ruch_Chorz%C3%B3w,Ekstraklasa,https://en.wikipedia.org/wiki/Stadion_Miejski_(Chorz%C3%B3w),50Â°16â€²55.93â€³N 18Â°56â€²39.04â€³E,"50d 16' 55.93"" N  18d 56' 39.04"" E",50.2822027777778,18.9441777777778,Ekstraklasa,Poland
Sampdoria,https://en.wikipedia.org/wiki/U.C._Sampdoria,Serie A,https://en.wikipedia.org/wiki/Stadio_Luigi_Ferraris,44Â°24â€²59.15â€³N 8Â°57â€²8.74â€³E,"44d 24' 59.15"" N  8d 57' 8.74"" E",44.4164305555556,8.95242777777778,Serie A,Italy
Sandefjord,https://en.wikipedia.org/wiki/Sandefjord_Fotball,OBOS-ligaen,https://en.wikipedia.org/wiki/Komplett_Arena,59Â°08â€²14â€³N 10Â°10â€²47â€³E,"59d 08' 14"" N  10d 10' 47"" E",59.1372222222222,10.1797222222222,OBOS-ligaen,Norway
Sassuolo,https://en.wikipedia.org/wiki/U.S._Sassuolo_Calcio,Serie A,https://en.wikipedia.org/wiki/Mapei_Stadium_%E2%80%93_Citt%C3%A0_del_Tricolore,44Â°42â€²53â€³N 10Â°38â€²59â€³E,"44d 42' 53"" N  10d 38' 59"" E",44.7147222222222,10.6497222222222,Serie A,Italy
SC Freiburg,https://en.wikipedia.org/wiki/SC_Freiburg,Bundesliga,https://en.wikipedia.org/wiki/Schwarzwald-Stadion,47Â°59â€²20â€³N 7Â°53â€²35â€³E,"47d 59' 20"" N  7d 53' 35"" E",47.9888888888889,7.89305555555555,Bundesliga,Germany
Schalke 04,https://en.wikipedia.org/wiki/FC_Schalke_04,Bundesliga,https://en.wikipedia.org/wiki/Veltins-Arena,51Â°33â€²16.21â€³N 7Â°4â€²3.32â€³E,"51d 33' 16.21"" N  7d 4' 3.32"" E",51.5545027777778,7.06758888888889,Bundesliga,Germany
Schalke 04,https://en.wikipedia.org/wiki/Schalke_04,Bundesliga,https://en.wikipedia.org/wiki/Veltins-Arena,51Â°33â€²16.21â€³N 7Â°4â€²3.32â€³E,"51d 33' 16.21"" N  7d 4' 3.32"" E",51.5545027777778,7.06758888888889,Bundesliga,Germany
Sevilla,https://en.wikipedia.org/wiki/Sevilla_FC,La Liga,https://en.wikipedia.org/wiki/Estadio_Ram%C3%B3n_S%C3%A1nchez_Pizju%C3%A1n,37Â°23â€²02â€³N 5Â°58â€²14â€³W,"37d 23' 02"" N  5d 58' 14"" W",37.3838888888889,-5.97055555555556,La Liga,Spain
Shakhtar Donetsk,https://en.wikipedia.org/wiki/FC_Shakhtar_Donetsk,Ukrainian Premier League,https://en.wikipedia.org/wiki/Donbass_Arena,48Â°1â€²15â€³N 37Â°48â€²35â€³E,"48d 1' 15"" N  37d 48' 35"" E",48.0208333333333,37.8097222222222,Ukrainian Premier League,Ukraine
Sheffield Wednesday,https://en.wikipedia.org/wiki/Sheffield_Wednesday_F.C.,Championship,https://en.wikipedia.org/wiki/Hillsborough_Stadium,53Â°24â€²41â€³N 1Â°30â€²2â€³W,"53d 24' 41"" N  1d 30' 2"" W",53.4113888888889,-1.50055555555556,Football_League_Championship,England
Skënderbeu Korçë,https://en.wikipedia.org/wiki/KF_Sk%C3%ABnderbeu_Kor%C3%A7%C3%AB,Albanian Superliga,https://en.wikipedia.org/wiki/Sk%C3%ABnderbeu_Stadium,40Â°37â€²33â€³N 20Â°46â€²58â€³E,"40d 37' 33"" N  20d 46' 58"" E",40.6258333333333,20.7827777777778,Albanian Superliga,Albania
Slavia Prague,https://en.wikipedia.org/wiki/SK_Slavia_Prague,Czech First League,https://en.wikipedia.org/wiki/Eden_Arena,50Â°04â€²03â€³N 14Â°28â€²18â€³E,"50d 04' 03"" N  14d 28' 18"" E",50.0675,14.4716666666667,Czech First League,Czech Republic
Slovan Bratislava,https://en.wikipedia.org/wiki/%C5%A0K_Slovan_Bratislava,Fortuna Liga,https://en.wikipedia.org/wiki/Pasienky,48Â°09â€²58â€³N 17Â°08â€²33â€³E,"48d 09' 58"" N  17d 08' 33"" E",48.1661111111111,17.1425,Fortuna Liga,Slovakia
Slovan Liberec,https://en.wikipedia.org/wiki/FC_Slovan_Liberec,Czech First League,https://en.wikipedia.org/wiki/Stadion_u_Nisy,50Â°46â€²34.37â€³N 15Â°02â€²59.90â€³E,"50d 46' 34.37"" N  15d 02' 59.90"" E",50.7762138888889,15.0499722222222,Czech First League,Czech Republic
Southampton,https://en.wikipedia.org/wiki/Southampton_F.C.,Premier League,"https://en.wikipedia.org/wiki/The_Dell,_Southampton",50Â°54â€²53â€³N 001Â°24â€²47â€³W,"50d 54' 53"" N  001d 24' 47"" W",50.9147222222222,-1.41305555555556,Premier League,England
Sparta Prague,https://en.wikipedia.org/wiki/AC_Sparta_Prague,Czech First League,https://en.wikipedia.org/wiki/Generali_Arena,50Â°5â€²59.29â€³N 14Â°24â€²57.28â€³E,"50d 5' 59.29"" N  14d 24' 57.28"" E",50.0998027777778,14.4159111111111,Czech First League,Czech Republic
Spartak Moscow,https://en.wikipedia.org/wiki/FC_Spartak_Moscow,Russian Premier League,https://en.wikipedia.org/wiki/Otkrytie_Arena,55Â°49â€²4.3â€³N 37Â°26â€²24.9â€³E,"55d 49' 4.3"" N  37d 26' 24.9"" E",55.8178611111111,37.44025,Russian Premier League,Russia
Sporting CP,https://en.wikipedia.org/wiki/Sporting_Clube_de_Portugal,Primeira Liga,https://en.wikipedia.org/wiki/Est%C3%A1dio_Jos%C3%A9_Alvalade,38Â°45â€²40.30â€³N 9Â°9â€²38.82â€³W,"38d 45' 40.30"" N  9d 9' 38.82"" W",38.7611944444444,-9.16078333333333,Primeira Liga,Portugal
St Johnstone,https://en.wikipedia.org/wiki/St_Johnstone_F.C.,Scottish Premiership,https://en.wikipedia.org/wiki/McDiarmid_Park,56Â°24â€²34.87â€³N 3Â°28â€²36.94â€³W,"56d 24' 34.87"" N  3d 28' 36.94"" W",56.4096861111111,-3.47692777777778,Scottish Premiership,Scotland
Steaua București,https://en.wikipedia.org/wiki/FC_Steaua_Bucure%C8%99ti,Liga I,https://en.wikipedia.org/wiki/Arena_Na%C8%9Bional%C4%83,44Â°26â€²13.95â€³N 26Â°09â€²09.03â€³E,"44d 26' 13.95"" N  26d 09' 09.03"" E",44.4372083333333,26.1525083333333,Liga I,Romania
Stoke City,https://en.wikipedia.org/wiki/Stoke_City_F.C.,Premier League,https://en.wikipedia.org/wiki/Bet365_Stadium,52Â°59â€²18â€³N 2Â°10â€²32â€³W,"52d 59' 18"" N  2d 10' 32"" W",52.9883333333333,-2.17555555555556,Premier League,England
Sunderland,https://en.wikipedia.org/wiki/Sunderland_A.F.C.,Premier League,https://en.wikipedia.org/wiki/Stadium_of_Light,54Â°54â€²52â€³N 1Â°23â€²18â€³W,"54d 54' 52"" N  1d 23' 18"" W",54.9144444444444,-1.38833333333333,Premier League,England
Swansea City,https://en.wikipedia.org/wiki/Swansea_City_A.F.C.,Premier League,https://en.wikipedia.org/wiki/Liberty_Stadium,51Â°38â€²32â€³N 3Â°56â€²06â€³W,"51d 38' 32"" N  3d 56' 06"" W",51.6422222222222,-3.935,Premier League,England
Terek Grozny,https://en.wikipedia.org/wiki/FC_Terek_Grozny,Russian Premier League,https://en.wikipedia.org/wiki/Terek_Stadium,43Â°19â€²23â€³N 45Â°44â€²43â€³E,"43d 19' 23"" N  45d 44' 43"" E",43.3230555555556,45.7452777777778,Russian Premier League,Russia
Torino,https://en.wikipedia.org/wiki/Torino_F.C.,Serie A,https://en.wikipedia.org/wiki/Stadio_Olimpico_Grande_Torino,45Â°2â€²30.30â€³N 7Â°39â€²0.05â€³E,"45d 2' 30.30"" N  7d 39' 0.05"" E",45.04175,7.65001388888889,Serie A,Italy
Tottenham Hotspur,https://en.wikipedia.org/wiki/Tottenham_Hotspur_F.C.,Premier League,https://en.wikipedia.org/wiki/White_Hart_Lane,51Â°36â€²12â€³N 0Â°03â€²57â€³W,"51d 36' 12"" N  0d 03' 57"" W",51.6033333333333,-0.0658333333333333,Premier League,England
Toulouse,https://en.wikipedia.org/wiki/Toulouse_F.C.,Ligue 1,https://en.wikipedia.org/wiki/Stadium_Municipal,43Â°34â€²59â€³N 1Â°26â€²3â€³E,"43d 34' 59"" N  1d 26' 3"" E",43.5830555555556,1.43416666666667,Ligue 1,France
Trabzonspor,https://en.wikipedia.org/wiki/Trabzonspor,SÃ¼per Lig,https://en.wikipedia.org/wiki/H%C3%BCseyin_Avni_Aker_Stadium,41Â°0â€²14â€³N 39Â°42â€²18â€³E,"41d 0' 14"" N  39d 42' 18"" E",41.0038888888889,39.705,Süper_Lig,Turkey
UANL,https://en.wikipedia.org/wiki/Tigres_UANL,Liga MX,https://en.wikipedia.org/wiki/Estadio_Universitario,25Â°43â€²22.10â€³N 100Â°18â€²43.40â€³W,"25d 43' 22.10"" N  100d 18' 43.40"" W",25.7228055555556,-100.312055555556,Liga MX,Mexico
Udinese,https://en.wikipedia.org/wiki/Udinese_Calcio,Serie A,https://en.wikipedia.org/wiki/Stadio_Friuli,46Â°04â€²54â€³N 13Â°12â€²00â€³E,"46d 04' 54"" N  13d 12' 00"" E",46.0816666666667,13.2,Serie A,Italy
Ufa,https://en.wikipedia.org/wiki/FC_Ufa,Russian Premier League,https://en.wikipedia.org/wiki/Neftyanik_Stadium,54Â°49â€²34â€³N 56Â°03â€²42â€³E,"54d 49' 34"" N  56d 03' 42"" E",54.8261111111111,56.0616666666667,Russian Premier League,Russia
Vaduz,https://en.wikipedia.org/wiki/FC_Vaduz,Swiss Super League,https://en.wikipedia.org/wiki/Rheinpark_Stadion,47Â°08â€²25â€³N 9Â°30â€²37â€³E,"47d 08' 25"" N  9d 30' 37"" E",47.1402777777778,9.51027777777778,Swiss Super League,Switzerland
Valencia,https://en.wikipedia.org/wiki/Valencia_CF,La Liga,https://en.wikipedia.org/wiki/Mestalla_Stadium,39Â°28â€²28.76â€³N 0Â°21â€²30.10â€³W,"39d 28' 28.76"" N  0d 21' 30.10"" W",39.4746555555556,-0.358361111111111,La Liga,Spain
VfB Stuttgart,https://en.wikipedia.org/wiki/VfB_Stuttgart,2. Bundesliga,https://en.wikipedia.org/wiki/Mercedes-Benz_Arena_(Stuttgart),48Â°47â€²32.17â€³N 9Â°13â€²55.31â€³E,"48d 47' 32.17"" N  9d 13' 55.31"" E",48.7922694444444,9.23203055555556,2. Bundesliga,Germany
VfL Wolfsburg,https://en.wikipedia.org/wiki/VfL_Wolfsburg,Bundesliga,https://en.wikipedia.org/wiki/Volkswagen_Arena,52Â°25â€²57.5â€³N 10Â°48â€²14â€³E,"52d 25' 57.5"" N  10d 48' 14"" E",52.4326388888889,10.8038888888889,Bundesliga,Germany
Videoton,https://en.wikipedia.org/wiki/Videoton_FC,OTP Bank Liga,https://en.wikipedia.org/wiki/S%C3%B3st%C3%B3i_Stadion,47Â°10â€²25.3â€³N 18Â°24â€²55.3â€³E,"47d 10' 25.3"" N  18d 24' 55.3"" E",47.1736944444444,18.4153611111111,OTP Bank Liga,Hungary
Viktoria Plzeň,https://en.wikipedia.org/wiki/FC_Viktoria_Plze%C5%88,Czech First League,https://en.wikipedia.org/wiki/Doosan_Arena,49Â°45â€²00â€³N 13Â°23â€²08â€³E,"49d 45' 00"" N  13d 23' 08"" E",49.75,13.3855555555556,Czech First League,Czech Republic
Villarreal,https://en.wikipedia.org/wiki/Villarreal_CF,La Liga,https://en.wikipedia.org/wiki/Estadio_El_Madrigal,39Â°56â€²39â€³N 0Â°06â€²13â€³W,"39d 56' 39"" N  0d 06' 13"" W",39.9441666666667,-0.103611111111111,La Liga,Spain
Watford,https://en.wikipedia.org/wiki/Watford_F.C.,Premier League,https://en.wikipedia.org/wiki/Vicarage_Road,51Â°38â€²59.41â€³N 0Â°24â€²5.35â€³W,"51d 38' 59.41"" N  0d 24' 5.35"" W",51.6498361111111,-0.401486111111111,Premier League,England
Werder Bremen,https://en.wikipedia.org/wiki/SV_Werder_Bremen,Bundesliga,https://en.wikipedia.org/wiki/Weserstadion,53Â°3â€²59.02â€³N 8Â°50â€²15.46â€³E,"53d 3' 59.02"" N  8d 50' 15.46"" E",53.0663944444444,8.83762777777778,Bundesliga,Germany
West Bromwich Albion,https://en.wikipedia.org/wiki/West_Bromwich_Albion_F.C.,Premier League,https://en.wikipedia.org/wiki/The_Hawthorns,52Â°30â€²33â€³N 1Â°57â€²50â€³W,"52d 30' 33"" N  1d 57' 50"" W",52.5091666666667,-1.96388888888889,Premier League,England
West Ham United,https://en.wikipedia.org/wiki/West_Ham_United_F.C.,Premier League,https://en.wikipedia.org/wiki/Olympic_Stadium_(London),51Â°32â€²19â€³N 0Â°00â€²59â€³W,"51d 32' 19"" N  0d 00' 59"" W",51.5386111111111,-0.0163888888888889,Premier League,England
Wigan Athletic,https://en.wikipedia.org/wiki/Wigan_Athletic_F.C.,Championship,https://en.wikipedia.org/wiki/DW_Stadium,53Â°32â€²52â€³N 2Â°39â€²14â€³W,"53d 32' 52"" N  2d 39' 14"" W",53.5477777777778,-2.65388888888889,Football_League_Championship,England
Willem II,https://en.wikipedia.org/wiki/Willem_II_(football_club),Eredivisie,https://en.wikipedia.org/wiki/Koning_Willem_II_Stadion,51Â°32â€²34â€³N 5Â°04â€²01â€³E,"51d 32' 34"" N  5d 04' 01"" E",51.5427777777778,5.06694444444444,Eredivisie,Netherlands
Wisła Kraków,https://en.wikipedia.org/wiki/Wis%C5%82a_Krak%C3%B3w,Ekstraklasa,https://en.wikipedia.org/wiki/Stadion_Miejski_in_Krak%C3%B3w,50Â°3â€²49â€³N 19Â°54â€²43â€³E,"50d 3' 49"" N  19d 54' 43"" E",50.0636111111111,19.9119444444444,Ekstraklasa,Poland
Wolverhampton Wanderers,https://en.wikipedia.org/wiki/Wolverhampton_Wanderers_F.C.,Championship,https://en.wikipedia.org/wiki/Molineux_Stadium,52Â°35â€²25â€³N 2Â°07â€²49â€³W,"52d 35' 25"" N  2d 07' 49"" W",52.5902777777778,-2.13027777777778,Football_League_Championship,England
Young Boys,https://en.wikipedia.org/wiki/BSC_Young_Boys,Swiss Super League,https://en.wikipedia.org/wiki/Stade_de_Suisse,46Â°57â€²47.40â€³N 7Â°27â€²53.40â€³E,"46d 57' 47.40"" N  7d 27' 53.40"" E",46.9631666666667,7.46483333333333,Swiss Super League,Switzerland
Zagłębie Lubin,https://en.wikipedia.org/wiki/Zag%C5%82%C4%99bie_Lubin,Ekstraklasa,https://en.wikipedia.org/wiki/Stadion_Zag%C5%82%C4%99bia_Lubin,51Â°24â€²50.22â€³N 16Â°11â€²53.74â€³E,"51d 24' 50.22"" N  16d 11' 53.74"" E",51.41395,16.1982611111111,Ekstraklasa,Poland
Zenit Saint Petersburg,https://en.wikipedia.org/wiki/FC_Zenit_Saint_Petersburg,Russian Premier League,https://en.wikipedia.org/wiki/Petrovsky_Stadium,59Â°57â€²07â€³N 30Â°17â€²11â€³E,"59d 57' 07"" N  30d 17' 11"" E",59.9519444444445,30.2863888888889,Russian Premier League,Russia
Žilina,https://en.wikipedia.org/wiki/M%C5%A0K_%C5%BDilina,Fortuna Liga,https://en.wikipedia.org/wiki/%C5%A0tadi%C3%B3n_pod_Dub%C5%88om,49Â°13â€²44.83â€³N 18Â°44â€²41.24â€³E,"49d 13' 44.83"" N  18d 44' 41.24"" E",49.2291194444444,18.7447888888889,Fortuna Liga,Slovakia
Zorya Luhansk,https://en.wikipedia.org/wiki/FC_Zorya_Luhansk,Ukrainian Premier League,https://en.wikipedia.org/wiki/Avanhard_Stadium_(Luhansk),48Â°33â€²34â€³N 39Â°19â€²16â€³E,"48d 33' 34"" N  39d 19' 16"" E",48.5594444444444,39.3211111111111,Ukrainian Premier League,Ukraine
Zürich,https://en.wikipedia.org/wiki/FC_Z%C3%BCrich,Challenge League,https://en.wikipedia.org/wiki/Letzigrund,47Â°22â€²58.06â€³N 8Â°30â€²15.71â€³E,"47d 22' 58.06"" N  8d 30' 15.71"" E",47.3827944444444,8.50436388888889,Swiss_Challenge_League,Switzerland
