0#0,Pos.,Player,Date of birth (age),Caps,Goals,Club,club_link,squad
1,1GK,Hugo Lloris (captain),(1986-12-26) 26 December 1986 (ageÂ 29),75,0,Tottenham Hotspur,https://en.wikipedia.org/wiki/Tottenham_Hotspur_F.C.,France
2,2DF,Christophe Jallet,(1983-10-31) 31 October 1983 (ageÂ 32),11,1,Lyon,https://en.wikipedia.org/wiki/Olympique_Lyonnais,France
3,2DF,Patrice Evra,(1981-05-15) 15 May 1981 (ageÂ 35),73,0,Juventus,https://en.wikipedia.org/wiki/Juventus_F.C.,France
4,2DF,Adil Rami,(1985-12-27) 27 December 1985 (ageÂ 30),28,1,Sevilla,https://en.wikipedia.org/wiki/Sevilla_FC,France
5,3MF,N'Golo Kanté,(1991-03-29) 29 March 1991 (ageÂ 25),4,1,Leicester City,https://en.wikipedia.org/wiki/Leicester_City_F.C.,France
6,3MF,Yohan Cabaye,(1986-01-14) 14 January 1986 (ageÂ 30),46,4,Crystal Palace,https://en.wikipedia.org/wiki/Crystal_Palace_F.C.,France
7,4FW,Antoine Griezmann,(1991-03-21) 21 March 1991 (ageÂ 25),27,7,Atlético Madrid,https://en.wikipedia.org/wiki/Atl%C3%A9tico_Madrid,France
8,3MF,Dimitri Payet,(1987-03-29) 29 March 1987 (ageÂ 29),18,3,West Ham United,https://en.wikipedia.org/wiki/West_Ham_United_F.C.,France
9,4FW,Olivier Giroud,(1986-09-30) 30 September 1986 (ageÂ 29),49,17,Arsenal,https://en.wikipedia.org/wiki/Arsenal_F.C.,France
10,4FW,André-Pierre Gignac,(1985-12-05) 5 December 1985 (ageÂ 30),27,7,UANL,https://en.wikipedia.org/wiki/Tigres_UANL,France
11,4FW,Anthony Martial,(1995-12-05) 5 December 1995 (ageÂ 20),9,0,Manchester United,https://en.wikipedia.org/wiki/Manchester_United_F.C.,France
12,3MF,Morgan Schneiderlin,(1989-11-08) 8 November 1989 (ageÂ 26),15,0,Manchester United,https://en.wikipedia.org/wiki/Manchester_United_F.C.,France
13,2DF,Eliaquim Mangala,(1991-02-13) 13 February 1991 (ageÂ 25),7,0,Manchester City,https://en.wikipedia.org/wiki/Manchester_City_F.C.,France
14,3MF,Blaise Matuidi,(1987-04-09) 9 April 1987 (ageÂ 29),44,8,Paris Saint-Germain,https://en.wikipedia.org/wiki/Paris_Saint-Germain_F.C.,France
15,3MF,Paul Pogba,(1993-03-15) 15 March 1993 (ageÂ 23),31,5,Juventus,https://en.wikipedia.org/wiki/Juventus_F.C.,France
16,1GK,Steve Mandanda,(1985-03-28) 28 March 1985 (ageÂ 31),22,0,Marseille,https://en.wikipedia.org/wiki/Olympique_de_Marseille,France
17,2DF,Lucas Digne,(1993-07-20) 20 July 1993 (ageÂ 22),13,0,Roma,https://en.wikipedia.org/wiki/A.S._Roma,France
18,3MF,Moussa Sissoko,(1989-08-16) 16 August 1989 (ageÂ 26),38,1,Newcastle United,https://en.wikipedia.org/wiki/Newcastle_United_F.C.,France
19,2DF,Bacary Sagna,(1983-02-14) 14 February 1983 (ageÂ 33),57,0,Manchester City,https://en.wikipedia.org/wiki/Manchester_City_F.C.,France
20,4FW,Kingsley Coman,(1996-06-13) 13 June 1996 (ageÂ 19),5,1,Bayern Munich,https://en.wikipedia.org/wiki/FC_Bayern_Munich,France
21,2DF,Laurent Koscielny,(1985-09-10) 10 September 1985 (ageÂ 30),29,1,Arsenal,https://en.wikipedia.org/wiki/Arsenal_F.C.,France
22,2DF,Samuel Umtiti,(1993-11-14) 14 November 1993 (ageÂ 22),0,0,Lyon,https://en.wikipedia.org/wiki/Olympique_Lyonnais,France
23,1GK,Benoît Costil,(1987-07-03) 3 July 1987 (ageÂ 28),0,0,Rennes,https://en.wikipedia.org/wiki/Stade_Rennais_F.C.,France
1,1GK,Costel Pantilimon,(1987-02-01)1 February 1987 (aged 29),22,0,Watford,https://en.wikipedia.org/wiki/Watford_F.C.,Romania
2,2DF,Alexandru Mățel,(1989-10-17)17 October 1989 (aged 26),16,0,Dinamo Zagreb,https://en.wikipedia.org/wiki/GNK_Dinamo_Zagreb,Romania
3,2DF,Răzvan Raț,(1981-05-26)26 May 1981 (aged 35),111,2,Rayo Vallecano,https://en.wikipedia.org/wiki/Rayo_Vallecano,Romania
4,2DF,Cosmin Moți,(1984-12-03)3 December 1984 (aged 31),8,0,Ludogorets Razgrad,https://en.wikipedia.org/wiki/PFC_Ludogorets_Razgrad,Romania
5,3MF,Ovidiu Hoban,(1982-12-27)27 December 1982 (aged 33),20,1,Hapoel Be'er Sheva,https://en.wikipedia.org/wiki/Hapoel_Be%27er_Sheva_F.C.,Romania
6,2DF,Vlad Chiricheș (captain),(1989-11-14)14 November 1989 (aged 26),40,0,Napoli,https://en.wikipedia.org/wiki/S.S.C._Napoli,Romania
7,3MF,Alexandru Chipciu,(1989-05-18)18 May 1989 (aged 27),21,3,Steaua București,https://en.wikipedia.org/wiki/FC_Steaua_Bucure%C8%99ti,Romania
8,3MF,Mihai Pintilii,(1984-11-09)9 November 1984 (aged 31),31,1,Steaua București,https://en.wikipedia.org/wiki/FC_Steaua_Bucure%C8%99ti,Romania
9,4FW,Denis Alibec,(1991-01-05)5 January 1991 (aged 25),4,1,Astra Giurgiu,https://en.wikipedia.org/wiki/FC_Astra_Giurgiu,Romania
10,3MF,Nicolae Stanciu,(1993-05-07)7 May 1993 (aged 23),5,4,Steaua București,https://en.wikipedia.org/wiki/FC_Steaua_Bucure%C8%99ti,Romania
11,3MF,Gabriel Torje,(1989-11-22)22 November 1989 (aged 26),50,11,Osmanlıspor,https://en.wikipedia.org/wiki/Osmanl%C4%B1spor,Romania
12,1GK,Ciprian Tătărușanu,(1986-02-09)9 February 1986 (aged 30),36,0,Fiorentina,https://en.wikipedia.org/wiki/ACF_Fiorentina,Romania
13,4FW,Claudiu Keșerü,(1986-12-02)2 December 1986 (aged 29),13,5,Ludogorets Razgrad,https://en.wikipedia.org/wiki/PFC_Ludogorets_Razgrad,Romania
14,4FW,Florin Andone,(1993-04-11)11 April 1993 (aged 23),6,1,Córdoba,https://en.wikipedia.org/wiki/C%C3%B3rdoba_CF,Romania
15,2DF,Valerică Găman,(1989-02-25)25 February 1989 (aged 27),13,1,Astra Giurgiu,https://en.wikipedia.org/wiki/FC_Astra_Giurgiu,Romania
16,2DF,Steliano Filip,(1994-05-15)15 May 1994 (aged 22),4,0,Dinamo București,https://en.wikipedia.org/wiki/FC_Dinamo_Bucure%C8%99ti,Romania
17,3MF,Lucian Sânmărtean,(1980-03-13)13 March 1980 (aged 36),20,0,Al-Ittihad,https://en.wikipedia.org/wiki/Ittihad_FC,Romania
18,3MF,Andrei Prepeliță,(1985-12-08)8 December 1985 (aged 30),10,0,Ludogorets Razgrad,https://en.wikipedia.org/wiki/PFC_Ludogorets_Razgrad,Romania
19,4FW,Bogdan Stancu,(1987-06-28)28 June 1987 (aged 28),40,9,Gençlerbirliği,https://en.wikipedia.org/wiki/Gen%C3%A7lerbirli%C4%9Fi_S.K.,Romania
20,3MF,Adrian Popa,(1988-07-24)24 July 1988 (aged 27),14,1,Steaua București,https://en.wikipedia.org/wiki/FC_Steaua_Bucure%C8%99ti,Romania
21,2DF,Dragoș Grigore,(1986-09-07)7 September 1986 (aged 29),20,0,Al-Sailiya,https://en.wikipedia.org/wiki/Al-Sailiya_SC,Romania
22,2DF,Cristian Săpunaru,(1984-04-05)5 April 1984 (aged 32),13,0,Pandurii Târgu Jiu,https://en.wikipedia.org/wiki/CS_Pandurii_T%C3%A2rgu_Jiu,Romania
23,1GK,Silviu Lung Jr.,(1989-06-04)4 June 1989 (aged 27),3,0,Astra Giurgiu,https://en.wikipedia.org/wiki/FC_Astra_Giurgiu,Romania
1,1GK,Etrit Berisha,(1989-03-10)10 March 1989 (aged 27),35,0,Lazio,https://en.wikipedia.org/wiki/S.S._Lazio,Albania
2,2DF,Andi Lila,(1986-02-12)12 February 1986 (aged 30),59,0,PAS Giannina,https://en.wikipedia.org/wiki/PAS_Giannina_F.C.,Albania
3,3MF,Ermir Lenjani,(1989-08-05)5 August 1989 (aged 26),19,3,Nantes,https://en.wikipedia.org/wiki/FC_Nantes,Albania
4,2DF,Elseid Hysaj,(1994-02-20)20 February 1994 (aged 22),20,0,Napoli,https://en.wikipedia.org/wiki/S.S.C._Napoli,Albania
5,2DF,Lorik Cana (captain),(1983-06-27)27 June 1983 (aged 32),92,1,Nantes,https://en.wikipedia.org/wiki/FC_Nantes,Albania
6,2DF,Freddie Veseli,(1992-11-20)20 November 1992 (aged 23),3,0,Lugano,https://en.wikipedia.org/wiki/FC_Lugano,Albania
7,2DF,Ansi Agolli,(1982-11-11)11 November 1982 (aged 33),61,2,Qarabağ,https://en.wikipedia.org/wiki/Qaraba%C4%9F_FK,Albania
8,3MF,Migjen Basha,(1987-01-05)5 January 1987 (aged 29),19,3,Como,https://en.wikipedia.org/wiki/Calcio_Como,Albania
9,3MF,Ledian Memushaj,(1986-12-07)7 December 1986 (aged 29),14,0,Pescara,https://en.wikipedia.org/wiki/Delfino_Pescara_1936,Albania
10,4FW,Armando Sadiku,(1991-05-27)27 May 1991 (aged 25),20,5,Vaduz,https://en.wikipedia.org/wiki/FC_Vaduz,Albania
11,4FW,Shkëlzen Gashi,(1988-07-15)15 July 1988 (aged 27),14,1,Colorado Rapids,https://en.wikipedia.org/wiki/Colorado_Rapids,Albania
12,1GK,Orges Shehi,(1977-09-25)25 September 1977 (aged 38),7,0,Skënderbeu Korçë,https://en.wikipedia.org/wiki/KF_Sk%C3%ABnderbeu_Kor%C3%A7%C3%AB,Albania
13,3MF,Burim Kukeli,(1984-01-16)16 January 1984 (aged 32),15,0,Zürich,https://en.wikipedia.org/wiki/FC_Z%C3%BCrich,Albania
14,3MF,Taulant Xhaka,(1991-03-28)28 March 1991 (aged 25),12,0,Basel,https://en.wikipedia.org/wiki/FC_Basel,Albania
15,2DF,Mërgim Mavraj,(1986-06-09)9 June 1986 (aged 30),26,3,1. FC Köln,https://en.wikipedia.org/wiki/1._FC_K%C3%B6ln,Albania
16,4FW,Sokol Cikalleshi,(1990-07-27)27 July 1990 (aged 25),20,2,İstanbul Başakşehir,https://en.wikipedia.org/wiki/%C4%B0stanbul_Ba%C5%9Fak%C5%9Fehir_F.K.,Albania
17,2DF,Naser Aliji,(1993-12-27)27 December 1993 (aged 22),5,0,Basel,https://en.wikipedia.org/wiki/FC_Basel,Albania
18,2DF,Arlind Ajeti,(1993-09-25)25 September 1993 (aged 22),10,1,Frosinone,https://en.wikipedia.org/wiki/Frosinone_Calcio,Albania
19,4FW,Bekim Balaj,(1991-01-11)11 January 1991 (aged 25),16,2,Terek Grozny,https://en.wikipedia.org/wiki/FC_Terek_Grozny,Albania
20,3MF,Ergys Kaçe,(1993-07-08)8 July 1993 (aged 22),16,2,PAOK,https://en.wikipedia.org/wiki/PAOK_FC,Albania
21,3MF,Odise Roshi,(1991-05-21)21 May 1991 (aged 25),33,1,Rijeka,https://en.wikipedia.org/wiki/HNK_Rijeka,Albania
22,3MF,Amir Abrashi,(1990-03-27)27 March 1990 (aged 26),18,0,SC Freiburg,https://en.wikipedia.org/wiki/SC_Freiburg,Albania
23,1GK,Alban Hoxha,(1987-11-23)23 November 1987 (aged 28),1,0,Partizani Tirana,https://en.wikipedia.org/wiki/FK_Partizani_Tirana,Albania
1,1GK,Yann Sommer,(1988-12-07)7 December 1988 (aged 27),17,0,Borussia Mönchengladbach,https://en.wikipedia.org/wiki/Borussia_M%C3%B6nchengladbach,Switzerland
2,2DF,Stephan Lichtsteiner (captain),(1984-01-16)16 January 1984 (aged 32),80,5,Juventus,https://en.wikipedia.org/wiki/Juventus_F.C.,Switzerland
3,2DF,François Moubandje,(1990-06-21)21 June 1990 (aged 25),10,0,Toulouse,https://en.wikipedia.org/wiki/Toulouse_F.C.,Switzerland
4,2DF,Nico Elvedi,(1996-09-30)30 September 1996 (aged 19),1,0,Borussia Mönchengladbach,https://en.wikipedia.org/wiki/Borussia_M%C3%B6nchengladbach,Switzerland
5,2DF,Steve von Bergen,(1983-06-10)10 June 1983 (aged 33),49,0,Young Boys,https://en.wikipedia.org/wiki/BSC_Young_Boys,Switzerland
6,2DF,Michael Lang,(1991-02-08)08 February 1991 (aged 25),15,2,Basel,https://en.wikipedia.org/wiki/FC_Basel,Switzerland
7,4FW,Breel Embolo,(1997-02-14)14 February 1997 (aged 19),9,1,Basel,https://en.wikipedia.org/wiki/FC_Basel,Switzerland
8,3MF,Fabian Frei,(1989-01-08)8 January 1989 (aged 27),7,1,Mainz 05,https://en.wikipedia.org/wiki/1._FSV_Mainz_05,Switzerland
9,4FW,Haris Seferović,(1992-02-22)22 February 1992 (aged 24),29,7,Eintracht Frankfurt,https://en.wikipedia.org/wiki/Eintracht_Frankfurt,Switzerland
10,3MF,Granit Xhaka,(1992-09-27)27 September 1992 (aged 23),41,6,Borussia Mönchengladbach,https://en.wikipedia.org/wiki/Borussia_M%C3%B6nchengladbach,Switzerland
11,3MF,Valon Behrami,(1985-04-19)19 April 1985 (aged 31),64,2,Watford,https://en.wikipedia.org/wiki/Watford_F.C.,Switzerland
12,1GK,Marwin Hitz,(1987-09-18)18 September 1987 (aged 28),2,0,FC Augsburg,https://en.wikipedia.org/wiki/FC_Augsburg,Switzerland
13,2DF,Ricardo Rodríguez,(1992-08-25)25 August 1992 (aged 23),35,0,VfL Wolfsburg,https://en.wikipedia.org/wiki/VfL_Wolfsburg,Switzerland
14,3MF,Denis Zakaria,(1996-11-20)20 November 1996 (aged 19),0,0,Young Boys,https://en.wikipedia.org/wiki/BSC_Young_Boys,Switzerland
15,3MF,Blerim Džemaili,(1986-04-12)12 April 1986 (aged 30),46,6,Genoa,https://en.wikipedia.org/wiki/Genoa_C.F.C.,Switzerland
16,3MF,Gélson Fernandes,(1986-09-02)2 September 1986 (aged 29),55,2,Rennes,https://en.wikipedia.org/wiki/Stade_Rennais_F.C.,Switzerland
17,4FW,Shani Tarashaj,(1995-02-07)7 February 1995 (aged 21),2,0,Grasshoppers,https://en.wikipedia.org/wiki/Grasshopper_Club_Z%C3%BCrich,Switzerland
18,4FW,Admir Mehmedi,(1991-03-16)16 March 1991 (aged 25),40,3,Bayer Leverkusen,https://en.wikipedia.org/wiki/Bayer_04_Leverkusen,Switzerland
19,4FW,Eren Derdiyok,(1988-06-12)12 June 1988 (aged 27),50,10,Kasımpaşa,https://en.wikipedia.org/wiki/Kas%C4%B1mpa%C5%9Fa_Spor_Kul%C3%BCb%C3%BC,Switzerland
20,2DF,Johan Djourou,(1987-01-18)18 January 1987 (aged 29),59,2,Hamburger SV,https://en.wikipedia.org/wiki/Hamburger_SV,Switzerland
21,1GK,Roman Bürki,(1990-11-14)14 November 1990 (aged 25),4,0,Borussia Dortmund,https://en.wikipedia.org/wiki/Borussia_Dortmund,Switzerland
22,2DF,Fabian Schär,(1991-12-20)20 December 1991 (aged 24),19,5,1899 Hoffenheim,https://en.wikipedia.org/wiki/TSG_1899_Hoffenheim,Switzerland
23,3MF,Xherdan Shaqiri,(1991-10-10)10 October 1991 (aged 24),51,17,Stoke City,https://en.wikipedia.org/wiki/Stoke_City_F.C.,Switzerland
1,1GK,Joe Hart,(1987-04-19)19 April 1987 (aged 29),59,0,Manchester City,https://en.wikipedia.org/wiki/Manchester_City_F.C.,England
2,2DF,Kyle Walker,(1990-05-28)28 May 1990 (aged 26),16,0,Tottenham Hotspur,https://en.wikipedia.org/wiki/Tottenham_Hotspur_F.C.,England
3,2DF,Danny Rose,(1990-07-02)2 July 1990 (aged 25),4,0,Tottenham Hotspur,https://en.wikipedia.org/wiki/Tottenham_Hotspur_F.C.,England
4,3MF,James Milner,(1986-01-04)4 January 1986 (aged 30),60,1,Liverpool,https://en.wikipedia.org/wiki/Liverpool_F.C.,England
5,2DF,Gary Cahill,(1985-12-19)19 December 1985 (aged 30),43,3,Chelsea,https://en.wikipedia.org/wiki/Chelsea_F.C.,England
6,2DF,Chris Smalling,(1989-11-22)22 November 1989 (aged 26),25,1,Manchester United,https://en.wikipedia.org/wiki/Manchester_United_F.C.,England
7,3MF,Raheem Sterling,(1994-12-08)8 December 1994 (aged 21),23,2,Manchester City,https://en.wikipedia.org/wiki/Manchester_City_F.C.,England
8,3MF,Adam Lallana,(1988-05-10)10 May 1988 (aged 28),23,0,Liverpool,https://en.wikipedia.org/wiki/Liverpool_F.C.,England
9,4FW,Harry Kane,(1993-07-28)28 July 1993 (aged 22),12,5,Tottenham Hotspur,https://en.wikipedia.org/wiki/Tottenham_Hotspur_F.C.,England
10,4FW,Wayne Rooney (captain),(1985-10-24)24 October 1985 (aged 30),111,52,Manchester United,https://en.wikipedia.org/wiki/Manchester_United_F.C.,England
11,4FW,Jamie Vardy,(1987-01-11)11 January 1987 (aged 29),8,3,Leicester City,https://en.wikipedia.org/wiki/Leicester_City_F.C.,England
12,2DF,Nathaniel Clyne,(1991-04-05)5 April 1991 (aged 25),12,0,Liverpool,https://en.wikipedia.org/wiki/Liverpool_F.C.,England
13,1GK,Fraser Forster,(1988-03-17)17 March 1988 (aged 28),6,0,Southampton,https://en.wikipedia.org/wiki/Southampton_F.C.,England
14,3MF,Jordan Henderson,(1990-06-17)17 June 1990 (aged 25),26,0,Liverpool,https://en.wikipedia.org/wiki/Liverpool_F.C.,England
15,4FW,Daniel Sturridge,(1989-09-01)1 September 1989 (aged 26),18,5,Liverpool,https://en.wikipedia.org/wiki/Liverpool_F.C.,England
16,2DF,John Stones,(1994-05-28)28 May 1994 (aged 22),10,0,Everton,https://en.wikipedia.org/wiki/Everton_F.C.,England
17,3MF,Eric Dier,(1994-01-15)15 January 1994 (aged 22),7,1,Tottenham Hotspur,https://en.wikipedia.org/wiki/Tottenham_Hotspur_F.C.,England
18,3MF,Jack Wilshere,(1992-01-01)1 January 1992 (aged 24),31,2,Arsenal,https://en.wikipedia.org/wiki/Arsenal_F.C.,England
19,3MF,Ross Barkley,(1993-12-05)5 December 1993 (aged 22),22,2,Everton,https://en.wikipedia.org/wiki/Everton_F.C.,England
20,3MF,Dele Alli,(1996-04-11)11 April 1996 (aged 20),8,1,Tottenham Hotspur,https://en.wikipedia.org/wiki/Tottenham_Hotspur_F.C.,England
21,2DF,Ryan Bertrand,(1989-08-05)5 August 1989 (aged 26),8,0,Southampton,https://en.wikipedia.org/wiki/Southampton_F.C.,England
22,4FW,Marcus Rashford,(1997-10-31)31 October 1997 (aged 18),1,1,Manchester United,https://en.wikipedia.org/wiki/Manchester_United_F.C.,England
23,1GK,Tom Heaton,(1986-04-15)15 April 1986 (aged 30),1,0,Burnley,https://en.wikipedia.org/wiki/Burnley_F.C.,England
1,1GK,Igor Akinfeev,(1986-04-08)8 April 1986 (aged 30),86,0,CSKA Moscow,https://en.wikipedia.org/wiki/PFC_CSKA_Moscow,Russia
2,2DF,Roman Shishkin,(1987-01-27)27 January 1987 (aged 29),10,0,Lokomotiv Moscow,https://en.wikipedia.org/wiki/FC_Lokomotiv_Moscow,Russia
3,2DF,Igor Smolnikov,(1988-08-08)8 August 1988 (aged 27),12,0,Zenit Saint Petersburg,https://en.wikipedia.org/wiki/FC_Zenit_Saint_Petersburg,Russia
4,2DF,Sergei Ignashevich,(1979-07-14)14 July 1979 (aged 36),115,8,CSKA Moscow,https://en.wikipedia.org/wiki/PFC_CSKA_Moscow,Russia
5,2DF,Roman Neustädter,(1988-02-18)18 February 1988 (aged 28),0,0,Schalke 04,https://en.wikipedia.org/wiki/FC_Schalke_04,Russia
6,2DF,Aleksei Berezutski,(1982-06-20)20 June 1982 (aged 33),57,0,CSKA Moscow,https://en.wikipedia.org/wiki/PFC_CSKA_Moscow,Russia
7,3MF,Artur Yusupov,(1989-09-01)1 September 1989 (aged 26),2,0,Zenit Saint Petersburg,https://en.wikipedia.org/wiki/FC_Zenit_Saint_Petersburg,Russia
8,3MF,Denis Glushakov,(1987-01-27)27 January 1987 (aged 29),42,4,Spartak Moscow,https://en.wikipedia.org/wiki/FC_Spartak_Moscow,Russia
9,4FW,Aleksandr Kokorin,(1991-03-19)19 March 1991 (aged 25),37,11,Zenit Saint Petersburg,https://en.wikipedia.org/wiki/FC_Zenit_Saint_Petersburg,Russia
10,4FW,Fyodor Smolov,(1990-02-05)5 February 1990 (aged 26),12,5,Krasnodar,https://en.wikipedia.org/wiki/FC_Krasnodar,Russia
11,3MF,Pavel Mamayev,(1988-09-17)17 September 1988 (aged 27),10,0,Krasnodar,https://en.wikipedia.org/wiki/FC_Krasnodar,Russia
12,1GK,Yuri Lodygin,(1990-05-26)26 May 1990 (aged 26),10,0,Zenit Saint Petersburg,https://en.wikipedia.org/wiki/FC_Zenit_Saint_Petersburg,Russia
13,3MF,Aleksandr Golovin,(1996-05-30)30 May 1996 (aged 20),3,2,CSKA Moscow,https://en.wikipedia.org/wiki/PFC_CSKA_Moscow,Russia
14,2DF,Vasili Berezutski,(1982-06-20)20 June 1982 (aged 33),93,4,CSKA Moscow,https://en.wikipedia.org/wiki/PFC_CSKA_Moscow,Russia
15,3MF,Roman Shirokov (captain),(1981-07-06)6 July 1981 (aged 34),53,13,CSKA Moscow,https://en.wikipedia.org/wiki/PFC_CSKA_Moscow,Russia
16,1GK,Guilherme Marinato,(1985-12-12)12 December 1985 (aged 30),1,0,Lokomotiv Moscow,https://en.wikipedia.org/wiki/FC_Lokomotiv_Moscow,Russia
17,3MF,Oleg Shatov,(1990-06-29)29 June 1990 (aged 25),21,2,Zenit Saint Petersburg,https://en.wikipedia.org/wiki/FC_Zenit_Saint_Petersburg,Russia
18,3MF,Oleg Ivanov,(1986-08-04)4 August 1986 (aged 29),3,0,Terek Grozny,https://en.wikipedia.org/wiki/FC_Terek_Grozny,Russia
19,3MF,Aleksandr Samedov,(1984-07-19)19 July 1984 (aged 31),28,3,Lokomotiv Moscow,https://en.wikipedia.org/wiki/FC_Lokomotiv_Moscow,Russia
20,3MF,Dmitri Torbinski,(1984-04-28)28 April 1984 (aged 32),28,2,Krasnodar,https://en.wikipedia.org/wiki/FC_Krasnodar,Russia
21,2DF,Georgi Shchennikov,(1991-04-27)27 April 1991 (aged 25),7,0,CSKA Moscow,https://en.wikipedia.org/wiki/PFC_CSKA_Moscow,Russia
22,4FW,Artem Dzyuba,(1988-08-22)22 August 1988 (aged 27),16,8,Zenit Saint Petersburg,https://en.wikipedia.org/wiki/FC_Zenit_Saint_Petersburg,Russia
23,2DF,Dmitri Kombarov,(1987-01-22)22 January 1987 (aged 29),38,2,Spartak Moscow,https://en.wikipedia.org/wiki/FC_Spartak_Moscow,Russia
1,1GK,Wayne Hennessey,(1987-01-24) 24 January 1987 (ageÂ 29),56,0,Crystal Palace,https://en.wikipedia.org/wiki/Crystal_Palace_F.C.,Wales
2,2DF,Chris Gunter,(1989-07-21) 21 July 1989 (ageÂ 26),66,0,Reading,https://en.wikipedia.org/wiki/Reading_F.C.,Wales
3,2DF,Neil Taylor,(1989-02-07) 7 February 1989 (ageÂ 27),27,0,Swansea City,https://en.wikipedia.org/wiki/Swansea_City_A.F.C.,Wales
4,2DF,Ben Davies,(1993-04-24) 24 April 1993 (ageÂ 23),19,0,Tottenham Hotspur,https://en.wikipedia.org/wiki/Tottenham_Hotspur_F.C.,Wales
5,2DF,James Chester,(1989-01-23) 23 January 1989 (ageÂ 27),10,0,West Bromwich Albion,https://en.wikipedia.org/wiki/West_Bromwich_Albion_F.C.,Wales
6,2DF,Ashley Williams (captain),(1984-08-23) 23 August 1984 (ageÂ 31),58,1,Swansea City,https://en.wikipedia.org/wiki/Swansea_City_A.F.C.,Wales
7,3MF,Joe Allen,(1990-03-14) 14 March 1990 (ageÂ 26),25,0,Liverpool,https://en.wikipedia.org/wiki/Liverpool_F.C.,Wales
8,3MF,Andy King,(1988-10-29) 29 October 1988 (ageÂ 27),32,2,Leicester City,https://en.wikipedia.org/wiki/Leicester_City_F.C.,Wales
9,4FW,Hal Robson-Kanu,(1989-05-21) 21 May 1989 (ageÂ 27),30,2,Reading,https://en.wikipedia.org/wiki/Reading_F.C.,Wales
10,3MF,Aaron Ramsey,(1990-12-26) 26 December 1990 (ageÂ 25),38,10,Arsenal,https://en.wikipedia.org/wiki/Arsenal_F.C.,Wales
11,4FW,Gareth Bale,(1989-07-16) 16 July 1989 (ageÂ 26),54,19,Real Madrid,https://en.wikipedia.org/wiki/Real_Madrid_C.F.,Wales
12,1GK,Owain Fôn Williams,(1987-03-17) 17 March 1987 (ageÂ 29),1,0,Inverness Caledonian Thistle,https://en.wikipedia.org/wiki/Inverness_Caledonian_Thistle_F.C.,Wales
13,4FW,George Williams,(1995-09-07) 7 September 1995 (ageÂ 20),7,0,Gillingham,https://en.wikipedia.org/wiki/Gillingham_F.C.,Wales
14,3MF,David Edwards,(1986-02-03) 3 February 1986 (ageÂ 30),31,3,Wolverhampton Wanderers,https://en.wikipedia.org/wiki/Wolverhampton_Wanderers_F.C.,Wales
15,2DF,Jazz Richards,(1991-04-12) 12 April 1991 (ageÂ 25),9,0,Fulham,https://en.wikipedia.org/wiki/Fulham_F.C.,Wales
16,3MF,Joe Ledley,(1987-01-23) 23 January 1987 (ageÂ 29),61,4,Crystal Palace,https://en.wikipedia.org/wiki/Crystal_Palace_F.C.,Wales
17,4FW,David Cotterill,(1987-12-04) 4 December 1987 (ageÂ 28),23,2,Birmingham City,https://en.wikipedia.org/wiki/Birmingham_City_F.C.,Wales
18,4FW,Sam Vokes,(1989-10-21) 21 October 1989 (ageÂ 26),39,6,Burnley,https://en.wikipedia.org/wiki/Burnley_F.C.,Wales
19,2DF,James Collins,(1983-08-23) 23 August 1983 (ageÂ 32),46,3,West Ham United,https://en.wikipedia.org/wiki/West_Ham_United_F.C.,Wales
20,3MF,Jonathan Williams,(1993-10-09) 9 October 1993 (ageÂ 22),11,0,Milton Keynes Dons,https://en.wikipedia.org/wiki/Milton_Keynes_Dons,Wales
21,1GK,Danny Ward,(1993-06-22) 22 June 1993 (ageÂ 22),1,0,Liverpool,https://en.wikipedia.org/wiki/Liverpool_F.C.,Wales
22,3MF,David Vaughan,(1983-02-18) 18 February 1983 (ageÂ 33),41,1,Nottingham Forest,https://en.wikipedia.org/wiki/Nottingham_Forest_F.C.,Wales
23,4FW,Simon Church,(1988-12-10) 10 December 1988 (ageÂ 27),35,3,Aberdeen,https://en.wikipedia.org/wiki/Aberdeen_F.C.,Wales
1,1GK,Ján Mucha,(1982-12-05)5 December 1982 (aged 33),45,0,Slovan Bratislava,https://en.wikipedia.org/wiki/%C5%A0K_Slovan_Bratislava,Slovakia
2,2DF,Peter Pekarík,(1986-10-30)30 October 1986 (aged 29),65,2,Hertha BSC,https://en.wikipedia.org/wiki/Hertha_BSC,Slovakia
3,2DF,Martin Škrtel (captain),(1984-12-15)15 December 1984 (aged 31),79,5,Liverpool,https://en.wikipedia.org/wiki/Liverpool_F.C.,Slovakia
4,2DF,Ján Ďurica,(1981-12-10)10 December 1981 (aged 34),77,4,Lokomotiv Moscow,https://en.wikipedia.org/wiki/FC_Lokomotiv_Moscow,Slovakia
5,2DF,Norbert Gyömbér,(1992-07-03)3 July 1992 (aged 23),12,0,Roma,https://en.wikipedia.org/wiki/A.S._Roma,Slovakia
6,3MF,Ján Greguš,(1991-01-29)29 January 1991 (aged 25),5,0,Baumit Jablonec,https://en.wikipedia.org/wiki/FK_Baumit_Jablonec,Slovakia
7,3MF,Vladimír Weiss,(1989-11-30)30 November 1989 (aged 26),50,4,Al-Gharafa,https://en.wikipedia.org/wiki/Al-Gharafa_Sports_Club,Slovakia
8,3MF,Ondrej Duda,(1994-12-05)5 December 1994 (aged 21),9,1,Legia Warsaw,https://en.wikipedia.org/wiki/Legia_Warsaw,Slovakia
9,4FW,Stanislav Šesták,(1982-12-16)16 December 1982 (aged 33),63,13,Ferencváros,https://en.wikipedia.org/wiki/Ferencv%C3%A1rosi_TC,Slovakia
10,3MF,Miroslav Stoch,(1989-10-19)19 October 1989 (aged 26),52,6,Bursaspor,https://en.wikipedia.org/wiki/Bursaspor,Slovakia
11,4FW,Adam Nemec,(1985-09-02)2 September 1985 (aged 30),20,4,Willem II,https://en.wikipedia.org/wiki/Willem_II_(football_club),Slovakia
12,1GK,Ján Novota,(1983-11-29)29 November 1983 (aged 32),2,0,Rapid Wien,https://en.wikipedia.org/wiki/SK_Rapid_Wien,Slovakia
13,3MF,Patrik Hrošovský,(1992-04-22)22 April 1992 (aged 24),9,0,Viktoria Plzeň,https://en.wikipedia.org/wiki/FC_Viktoria_Plze%C5%88,Slovakia
14,2DF,Milan Škriniar,(1995-02-11)11 February 1995 (aged 21),2,0,Sampdoria,https://en.wikipedia.org/wiki/U.C._Sampdoria,Slovakia
15,2DF,Tomáš Hubočan,(1985-09-17)17 September 1985 (aged 30),44,0,Dynamo Moscow,https://en.wikipedia.org/wiki/FC_Dynamo_Moscow,Slovakia
16,2DF,Kornel Saláta,(1985-01-24)24 January 1985 (aged 31),36,2,Slovan Bratislava,https://en.wikipedia.org/wiki/%C5%A0K_Slovan_Bratislava,Slovakia
17,3MF,Marek Hamšík,(1987-07-27)27 July 1987 (aged 28),85,17,Napoli,https://en.wikipedia.org/wiki/S.S.C._Napoli,Slovakia
18,2DF,Dušan Švento,(1985-08-01)1 August 1985 (aged 30),36,1,1. FC Köln,https://en.wikipedia.org/wiki/1._FC_K%C3%B6ln,Slovakia
19,3MF,Juraj Kucka,(1987-02-26)26 February 1987 (aged 29),45,4,Milan,https://en.wikipedia.org/wiki/A.C._Milan,Slovakia
20,3MF,Róbert Mak,(1991-03-08)8 March 1991 (aged 25),26,7,PAOK,https://en.wikipedia.org/wiki/PAOK_FC,Slovakia
21,4FW,Michal Ďuriš,(1988-06-01)1 June 1988 (aged 28),23,3,Viktoria Plzeň,https://en.wikipedia.org/wiki/FC_Viktoria_Plze%C5%88,Slovakia
22,3MF,Viktor Pečovský,(1983-05-24)24 May 1983 (aged 33),30,1,Žilina,https://en.wikipedia.org/wiki/M%C5%A0K_%C5%BDilina,Slovakia
23,1GK,Matúš Kozáčik,(1983-12-27)27 December 1983 (aged 32),15,0,Viktoria Plzeň,https://en.wikipedia.org/wiki/FC_Viktoria_Plze%C5%88,Slovakia
1,1GK,Manuel Neuer,(1986-03-27)27 March 1986 (aged 30),65,0,Bayern Munich,https://en.wikipedia.org/wiki/FC_Bayern_Munich,Germany
2,2DF,Shkodran Mustafi,(1992-04-17)17 April 1992 (aged 24),10,0,Valencia,https://en.wikipedia.org/wiki/Valencia_CF,Germany
3,2DF,Jonas Hector,(1990-05-27)27 May 1990 (aged 26),14,1,1. FC Köln,https://en.wikipedia.org/wiki/1._FC_K%C3%B6ln,Germany
4,2DF,Benedikt Höwedes,(1988-02-29)29 February 1988 (aged 28),34,2,Schalke 04,https://en.wikipedia.org/wiki/FC_Schalke_04,Germany
5,2DF,Mats Hummels,(1988-12-16)16 December 1988 (aged 27),46,4,Borussia Dortmund,https://en.wikipedia.org/wiki/Borussia_Dortmund,Germany
6,3MF,Sami Khedira,(1987-04-04)4 April 1987 (aged 29),60,5,Juventus,https://en.wikipedia.org/wiki/Juventus_F.C.,Germany
7,3MF,Bastian Schweinsteiger (captain),(1984-08-01)1 August 1984 (aged 31),115,23,Manchester United,https://en.wikipedia.org/wiki/Manchester_United_F.C.,Germany
8,3MF,Mesut Özil,(1988-10-15)15 October 1988 (aged 27),73,19,Arsenal,https://en.wikipedia.org/wiki/Arsenal_F.C.,Germany
9,3MF,André Schürrle,(1990-11-06)6 November 1990 (aged 25),52,20,VfL Wolfsburg,https://en.wikipedia.org/wiki/VfL_Wolfsburg,Germany
10,4FW,Lukas Podolski,(1985-06-04)4 June 1985 (aged 31),128,48,Galatasaray,https://en.wikipedia.org/wiki/Galatasaray_S.K._(football),Germany
11,3MF,Julian Draxler,(1993-09-20)20 September 1993 (aged 22),19,1,VfL Wolfsburg,https://en.wikipedia.org/wiki/VfL_Wolfsburg,Germany
12,1GK,Bernd Leno,(1992-03-04)4 March 1992 (aged 24),1,0,Bayer Leverkusen,https://en.wikipedia.org/wiki/Bayer_04_Leverkusen,Germany
13,4FW,Thomas Müller,(1989-09-13)13 September 1989 (aged 26),71,32,Bayern Munich,https://en.wikipedia.org/wiki/FC_Bayern_Munich,Germany
14,3MF,Emre Can,(1994-01-12)12 January 1994 (aged 22),6,0,Liverpool,https://en.wikipedia.org/wiki/Liverpool_F.C.,Germany
15,3MF,Julian Weigl,(1995-09-08)8 September 1995 (aged 20),1,0,Borussia Dortmund,https://en.wikipedia.org/wiki/Borussia_Dortmund,Germany
16,2DF,Jonathan Tah,(1996-02-11)11 February 1996 (aged 20),1,0,Bayer Leverkusen,https://en.wikipedia.org/wiki/Bayer_04_Leverkusen,Germany
17,2DF,Jérôme Boateng,(1988-09-03)3 September 1988 (aged 27),59,0,Bayern Munich,https://en.wikipedia.org/wiki/FC_Bayern_Munich,Germany
18,3MF,Toni Kroos,(1990-01-04)4 January 1990 (aged 26),65,11,Real Madrid,https://en.wikipedia.org/wiki/Real_Madrid_C.F.,Germany
19,3MF,Mario Götze,(1992-06-03)3 June 1992 (aged 24),52,17,Bayern Munich,https://en.wikipedia.org/wiki/FC_Bayern_Munich,Germany
20,3MF,Leroy Sané,(1996-01-11)11 January 1996 (aged 20),3,0,Schalke 04,https://en.wikipedia.org/wiki/Schalke_04,Germany
21,2DF,Joshua Kimmich,(1995-02-08)8 February 1995 (aged 21),1,0,Bayern Munich,https://en.wikipedia.org/wiki/FC_Bayern_Munich,Germany
22,1GK,Marc-André ter Stegen,(1992-04-30)30 April 1992 (aged 24),6,0,Barcelona,https://en.wikipedia.org/wiki/FC_Barcelona,Germany
23,4FW,Mario Gómez,(1985-07-10)10 July 1985 (aged 30),64,27,Beşiktaş,https://en.wikipedia.org/wiki/Be%C5%9Fikta%C5%9F_JK,Germany
1,1GK,Denys Boyko,(1988-01-29)29 January 1988 (aged 28),4,0,Beşiktaş,https://en.wikipedia.org/wiki/Be%C5%9Fikta%C5%9F_J.K,Ukraine
2,2DF,Bohdan Butko,(1991-01-13)13 January 1991 (aged 25),17,0,Amkar Perm,https://en.wikipedia.org/wiki/FC_Amkar_Perm,Ukraine
3,2DF,Yevhen Khacheridi,(1987-07-28)28 July 1987 (aged 28),42,3,Dynamo Kyiv,https://en.wikipedia.org/wiki/FC_Dynamo_Kyiv,Ukraine
4,3MF,Anatoliy Tymoshchuk (captain),(1979-03-30)30 March 1979 (aged 37),143,4,Kairat Almaty,https://en.wikipedia.org/wiki/FC_Kairat,Ukraine
5,2DF,Oleksandr Kucher,(1982-10-22)22 October 1982 (aged 33),50,2,Shakhtar Donetsk,https://en.wikipedia.org/wiki/FC_Shakhtar_Donetsk,Ukraine
6,3MF,Taras Stepanenko,(1989-08-08)8 August 1989 (aged 26),29,3,Shakhtar Donetsk,https://en.wikipedia.org/wiki/FC_Shakhtar_Donetsk,Ukraine
7,3MF,Andriy Yarmolenko,(1989-10-23)23 October 1989 (aged 26),59,25,Dynamo Kyiv,https://en.wikipedia.org/wiki/FC_Dynamo_Kyiv,Ukraine
8,4FW,Roman Zozulya,(1989-11-17)17 November 1989 (aged 26),26,4,Dnipro Dnipropetrovsk,https://en.wikipedia.org/wiki/FC_Dnipro_Dnipropetrovsk,Ukraine
9,3MF,Viktor Kovalenko,(1996-02-14)14 February 1996 (aged 20),3,0,Shakhtar Donetsk,https://en.wikipedia.org/wiki/FC_Shakhtar_Donetsk,Ukraine
10,3MF,Yevhen Konoplyanka,(1989-09-29)29 September 1989 (aged 26),53,14,Sevilla,https://en.wikipedia.org/wiki/Sevilla_FC,Ukraine
11,4FW,Yevhen Seleznyov,(1985-07-20)20 July 1985 (aged 30),50,11,Shakhtar Donetsk,https://en.wikipedia.org/wiki/FC_Shakhtar_Donetsk,Ukraine
12,1GK,Andriy Pyatov,(1984-06-28)28 June 1984 (aged 31),64,0,Shakhtar Donetsk,https://en.wikipedia.org/wiki/FC_Shakhtar_Donetsk,Ukraine
13,2DF,Vyacheslav Shevchuk,(1979-05-13)13 May 1979 (aged 37),54,0,Shakhtar Donetsk,https://en.wikipedia.org/wiki/FC_Shakhtar_Donetsk,Ukraine
14,3MF,Ruslan Rotan,(1981-10-29)29 October 1981 (aged 34),88,7,Dnipro Dnipropetrovsk,https://en.wikipedia.org/wiki/FC_Dnipro_Dnipropetrovsk,Ukraine
15,4FW,Pylyp Budkivskyi,(1992-03-10)10 March 1992 (aged 24),6,0,Zorya Luhansk,https://en.wikipedia.org/wiki/FC_Zorya_Luhansk,Ukraine
16,3MF,Serhiy Sydorchuk,(1991-05-02)2 May 1991 (aged 25),12,2,Dynamo Kyiv,https://en.wikipedia.org/wiki/FC_Dynamo_Kyiv,Ukraine
17,2DF,Artem Fedetskyi,(1985-04-26)26 April 1985 (aged 31),49,2,Dnipro Dnipropetrovsk,https://en.wikipedia.org/wiki/FC_Dnipro_Dnipropetrovsk,Ukraine
18,3MF,Serhiy Rybalka,(1990-04-01)1 April 1990 (aged 26),9,0,Dynamo Kyiv,https://en.wikipedia.org/wiki/FC_Dynamo_Kyiv,Ukraine
19,3MF,Denys Harmash,(1990-04-19)19 April 1990 (aged 26),27,2,Dynamo Kyiv,https://en.wikipedia.org/wiki/FC_Dynamo_Kyiv,Ukraine
20,2DF,Yaroslav Rakitskiy,(1989-08-03)3 August 1989 (aged 26),40,4,Shakhtar Donetsk,https://en.wikipedia.org/wiki/FC_Shakhtar_Donetsk,Ukraine
21,3MF,Oleksandr Zinchenko,(1996-12-15)15 December 1996 (aged 19),3,1,Ufa,https://en.wikipedia.org/wiki/FC_Ufa,Ukraine
22,3MF,Oleksandr Karavayev,(1992-06-02)2 June 1992 (aged 24),3,0,Zorya Luhansk,https://en.wikipedia.org/wiki/FC_Zorya_Luhansk,Ukraine
23,1GK,Mykyta Shevchenko,(1993-01-26)26 January 1993 (aged 23),0,0,Zorya Luhansk,https://en.wikipedia.org/wiki/FC_Zorya_Luhansk,Ukraine
1,1GK,Wojciech Szczęsny,(1990-04-18) 18 April 1990 (ageÂ 26),26,0,Roma,https://en.wikipedia.org/wiki/AS_Roma,Poland
2,2DF,Michał Pazdan,(1987-09-21) 21 September 1987 (ageÂ 28),17,0,Legia Warsaw,https://en.wikipedia.org/wiki/Legia_Warsaw,Poland
3,2DF,Artur Jędrzejczyk,(1987-11-04) 4 November 1987 (ageÂ 28),19,3,Legia Warsaw,https://en.wikipedia.org/wiki/Legia_Warsaw,Poland
4,2DF,Thiago Cionek,(1986-04-21) 21 April 1986 (ageÂ 30),6,0,Palermo,https://en.wikipedia.org/wiki/U.S._Citt%C3%A0_di_Palermo,Poland
5,3MF,Krzysztof Mączyński,(1987-05-23) 23 May 1987 (ageÂ 29),16,1,Wisła Kraków,https://en.wikipedia.org/wiki/Wis%C5%82a_Krak%C3%B3w,Poland
6,3MF,Tomasz Jodłowiec,(1985-09-08) 8 September 1985 (ageÂ 30),44,1,Legia Warsaw,https://en.wikipedia.org/wiki/Legia_Warsaw,Poland
7,4FW,Arkadiusz Milik,(1994-02-28) 28 February 1994 (ageÂ 22),26,10,Ajax,https://en.wikipedia.org/wiki/AFC_Ajax,Poland
8,3MF,Karol Linetty,(1995-02-02) 2 February 1995 (ageÂ 21),10,1,Lech Poznań,https://en.wikipedia.org/wiki/Lech_Pozna%C5%84,Poland
9,4FW,Robert Lewandowski (captain),(1988-08-21) 21 August 1988 (ageÂ 27),76,34,Bayern Munich,https://en.wikipedia.org/wiki/FC_Bayern_Munich,Poland
10,3MF,Grzegorz Krychowiak,(1990-01-29) 29 January 1990 (ageÂ 26),34,2,Sevilla,https://en.wikipedia.org/wiki/Sevilla_FC,Poland
11,3MF,Kamil Grosicki,(1988-06-08) 8 June 1988 (ageÂ 28),39,8,Rennes,https://en.wikipedia.org/wiki/Stade_Rennais_F.C.,Poland
12,1GK,Artur Boruc,(1980-02-20) 20 February 1980 (ageÂ 36),63,0,AFC Bournemouth,https://en.wikipedia.org/wiki/A.F.C._Bournemouth,Poland
13,4FW,Mariusz Stępiński,(1995-05-12) 12 May 1995 (ageÂ 21),3,0,Ruch Chorzów,https://en.wikipedia.org/wiki/Ruch_Chorz%C3%B3w,Poland
14,2DF,Jakub Wawrzyniak,(1983-07-07) 7 July 1983 (ageÂ 32),49,1,Lechia Gdańsk,https://en.wikipedia.org/wiki/Lechia_Gda%C5%84sk,Poland
15,2DF,Kamil Glik,(1988-02-03) 3 February 1988 (ageÂ 28),41,3,Torino,https://en.wikipedia.org/wiki/Torino_F.C.,Poland
16,3MF,Jakub Błaszczykowski,(1985-12-14) 14 December 1985 (ageÂ 30),79,16,Fiorentina,https://en.wikipedia.org/wiki/A.C.F._Fiorentina,Poland
17,3MF,Sławomir Peszko,(1985-02-19) 19 February 1985 (ageÂ 31),37,2,Lechia Gdańsk,https://en.wikipedia.org/wiki/Lechia_Gda%C5%84sk,Poland
18,2DF,Bartosz Salamon,(1991-05-01) 1 May 1991 (ageÂ 25),8,0,Cagliari,https://en.wikipedia.org/wiki/Cagliari_Calcio,Poland
19,3MF,Piotr Zieliński,(1994-05-20) 20 May 1994 (ageÂ 22),15,3,Empoli,https://en.wikipedia.org/wiki/Empoli_F.C.,Poland
20,2DF,Łukasz Piszczek,(1985-06-03) 3 June 1985 (ageÂ 31),46,2,Borussia Dortmund,https://en.wikipedia.org/wiki/Borussia_Dortmund,Poland
21,3MF,Bartosz Kapustka,(1996-12-23) 23 December 1996 (ageÂ 19),7,2,Cracovia,https://en.wikipedia.org/wiki/KS_Cracovia_(football),Poland
22,1GK,Łukasz Fabiański,(1985-04-18) 18 April 1985 (ageÂ 31),30,0,Swansea City,https://en.wikipedia.org/wiki/Swansea_City_A.F.C.,Poland
23,3MF,Filip Starzyński,(1991-05-27) 27 May 1991 (ageÂ 25),3,1,Zagłębie Lubin,https://en.wikipedia.org/wiki/Zag%C5%82%C4%99bie_Lubin,Poland
1,1GK,Michael McGovern,(1984-07-12)12 July 1984 (aged 31),11,0,Hamilton Academical,https://en.wikipedia.org/wiki/Hamilton_Academical_F.C.,Northern Ireland
2,2DF,Conor McLaughlin,(1991-07-26)26 July 1991 (aged 24),18,0,Fleetwood Town,https://en.wikipedia.org/wiki/Fleetwood_Town_F.C.,Northern Ireland
3,3MF,Shane Ferguson,(1991-07-12)12 July 1991 (aged 24),25,1,Millwall,https://en.wikipedia.org/wiki/Millwall_F.C.,Northern Ireland
4,2DF,Gareth McAuley,(1979-12-05)5 December 1979 (aged 36),61,7,West Bromwich Albion,https://en.wikipedia.org/wiki/West_Bromwich_Albion_F.C.,Northern Ireland
5,2DF,Jonny Evans,(1988-01-03)3 January 1988 (aged 28),49,1,West Bromwich Albion,https://en.wikipedia.org/wiki/West_Bromwich_Albion_F.C.,Northern Ireland
6,2DF,Chris Baird,(1982-02-25)25 February 1982 (aged 34),78,0,Fulham,https://en.wikipedia.org/wiki/Fulham_F.C.,Northern Ireland
7,3MF,Niall McGinn,(1987-07-20)20 July 1987 (aged 28),41,2,Aberdeen,https://en.wikipedia.org/wiki/Aberdeen_F.C.,Northern Ireland
8,3MF,Steven Davis (captain),(1985-01-01)1 January 1985 (aged 31),83,8,Southampton,https://en.wikipedia.org/wiki/Southampton_F.C.,Northern Ireland
9,4FW,Will Grigg,(1991-07-03)3 July 1991 (aged 24),8,1,Wigan Athletic,https://en.wikipedia.org/wiki/Wigan_Athletic_F.C.,Northern Ireland
10,4FW,Kyle Lafferty,(1987-09-16)16 September 1987 (aged 28),51,17,Birmingham City,https://en.wikipedia.org/wiki/Birmingham_City_F.C.,Northern Ireland
11,4FW,Conor Washington,(1992-05-18)18 May 1992 (aged 24),4,2,Queens Park Rangers,https://en.wikipedia.org/wiki/Queens_Park_Rangers_F.C.,Northern Ireland
12,1GK,Roy Carroll,(1977-09-30)30 September 1977 (aged 38),43,0,Notts County,https://en.wikipedia.org/wiki/Notts_County_F.C.,Northern Ireland
13,3MF,Corry Evans,(1990-07-17)17 July 1990 (aged 25),34,1,Blackburn Rovers,https://en.wikipedia.org/wiki/Blackburn_Rovers_F.C.,Northern Ireland
14,3MF,Stuart Dallas,(1991-04-19)19 April 1991 (aged 25),13,1,Leeds United,https://en.wikipedia.org/wiki/Leeds_United_F.C.,Northern Ireland
15,2DF,Luke McCullough,(1994-02-15)15 February 1994 (aged 22),5,0,Doncaster Rovers,https://en.wikipedia.org/wiki/Doncaster_Rovers_F.C.,Northern Ireland
16,3MF,Oliver Norwood,(1991-04-12)12 April 1991 (aged 25),34,0,Reading,https://en.wikipedia.org/wiki/Reading_F.C.,Northern Ireland
17,2DF,Paddy McNair,(1995-04-27)27 April 1995 (aged 21),9,0,Manchester United,https://en.wikipedia.org/wiki/Manchester_United_F.C.,Northern Ireland
18,2DF,Aaron Hughes,(1979-11-08)8 November 1979 (aged 36),100,1,Melbourne City,https://en.wikipedia.org/wiki/Melbourne_City_FC,Northern Ireland
19,3MF,Jamie Ward,(1986-05-12)12 May 1986 (aged 30),22,2,Nottingham Forest,https://en.wikipedia.org/wiki/Nottingham_Forest_F.C.,Northern Ireland
20,2DF,Craig Cathcart,(1989-02-06)6 February 1989 (aged 27),28,2,Watford,https://en.wikipedia.org/wiki/Watford_F.C.,Northern Ireland
21,4FW,Josh Magennis,(1990-05-15)15 May 1990 (aged 26),19,1,Kilmarnock,https://en.wikipedia.org/wiki/Kilmarnock_F.C.,Northern Ireland
22,2DF,Lee Hodson,(1991-10-02)2 October 1991 (aged 24),16,0,Milton Keynes Dons,https://en.wikipedia.org/wiki/Milton_Keynes_Dons_F.C.,Northern Ireland
23,1GK,Alan Mannus,(1982-05-19)19 May 1982 (aged 34),8,0,St Johnstone,https://en.wikipedia.org/wiki/St_Johnstone_F.C.,Northern Ireland
1,1GK,Iker Casillas (captain),(1981-05-20)20 May 1981 (aged 35),167,0,Porto,https://en.wikipedia.org/wiki/FC_Porto,Spain
2,2DF,César Azpilicueta,(1989-08-28)28 August 1989 (aged 26),15,0,Chelsea,https://en.wikipedia.org/wiki/Chelsea_F.C.,Spain
3,2DF,Gerard Piqué,(1987-02-02)2 February 1987 (aged 29),77,4,Barcelona,https://en.wikipedia.org/wiki/FC_Barcelona,Spain
4,2DF,Marc Bartra,(1991-01-15)15 January 1991 (aged 25),10,0,Barcelona,https://en.wikipedia.org/wiki/FC_Barcelona,Spain
5,3MF,Sergio Busquets,(1988-07-16)16 July 1988 (aged 27),84,2,Barcelona,https://en.wikipedia.org/wiki/FC_Barcelona,Spain
6,3MF,Andrés Iniesta,(1984-05-11)11 May 1984 (aged 32),109,13,Barcelona,https://en.wikipedia.org/wiki/FC_Barcelona,Spain
7,4FW,Álvaro Morata,(1992-10-23)23 October 1992 (aged 23),9,3,Juventus,https://en.wikipedia.org/wiki/Juventus_F.C.,Spain
8,3MF,Koke,(1992-01-08)8 January 1992 (aged 24),23,0,Atlético Madrid,https://en.wikipedia.org/wiki/Atl%C3%A9tico_Madrid,Spain
9,4FW,Lucas Vázquez,(1991-07-01)1 July 1991 (aged 24),1,0,Real Madrid,https://en.wikipedia.org/wiki/Real_Madrid_C.F.,Spain
10,3MF,Cesc Fàbregas,(1987-05-04)4 May 1987 (aged 29),106,15,Chelsea,https://en.wikipedia.org/wiki/Chelsea_F.C.,Spain
11,4FW,Pedro,(1987-07-28)28 July 1987 (aged 28),58,17,Chelsea,https://en.wikipedia.org/wiki/Chelsea_F.C.,Spain
12,2DF,Héctor Bellerín,(1995-03-19)19 March 1995 (aged 21),3,0,Arsenal,https://en.wikipedia.org/wiki/Arsenal_FC,Spain
13,1GK,David de Gea,(1990-11-07)7 November 1990 (aged 25),9,0,Manchester United,https://en.wikipedia.org/wiki/Manchester_United_F.C.,Spain
14,3MF,Thiago,(1991-04-11)11 April 1991 (aged 25),10,0,Bayern Munich,https://en.wikipedia.org/wiki/FC_Bayern_Munich,Spain
15,2DF,Sergio Ramos,(1986-03-30)30 March 1986 (aged 30),132,10,Real Madrid,https://en.wikipedia.org/wiki/Real_Madrid_C.F.,Spain
16,2DF,Juanfran,(1985-01-09)9 January 1985 (aged 31),18,0,Atlético Madrid,https://en.wikipedia.org/wiki/Atl%C3%A9tico_Madrid,Spain
17,2DF,Mikel San José,(1989-05-30)30 May 1989 (aged 27),7,0,Athletic Bilbao,https://en.wikipedia.org/wiki/Athletic_Bilbao,Spain
18,2DF,Jordi Alba,(1989-03-21)21 March 1989 (aged 27),43,6,Barcelona,https://en.wikipedia.org/wiki/FC_Barcelona,Spain
19,3MF,Bruno Soriano,(1984-06-12)12 June 1984 (aged 31),8,0,Villarreal,https://en.wikipedia.org/wiki/Villarreal_CF,Spain
20,4FW,Aritz Aduriz,(1981-02-11)11 February 1981 (aged 35),6,1,Athletic Bilbao,https://en.wikipedia.org/wiki/Athletic_Bilbao,Spain
21,3MF,David Silva,(1986-01-08)8 January 1986 (aged 30),99,24,Manchester City,https://en.wikipedia.org/wiki/Manchester_City_F.C.,Spain
22,4FW,Nolito,(1986-10-15)15 October 1986 (aged 29),9,4,Celta Vigo,https://en.wikipedia.org/wiki/Celta_de_Vigo,Spain
23,1GK,Sergio Rico,(1993-09-01)1 September 1993 (aged 22),1,0,Sevilla,https://en.wikipedia.org/wiki/Sevilla_FC,Spain
1,1GK,Petr Čech,(1982-05-20)20 May 1982 (aged 34),118,0,Arsenal,https://en.wikipedia.org/wiki/Arsenal_F.C.,Czech Republic
2,2DF,Pavel Kadeřábek,(1992-04-25)25 April 1992 (aged 24),15,2,1899 Hoffenheim,https://en.wikipedia.org/wiki/TSG_1899_Hoffenheim,Czech Republic
3,2DF,Michal Kadlec,(1984-12-13)13 December 1984 (aged 31),63,8,Fenerbahçe,https://en.wikipedia.org/wiki/Fenerbah%C3%A7e_SK_(football),Czech Republic
4,2DF,Theodor Gebre Selassie,(1986-12-24)24 December 1986 (aged 29),33,1,Werder Bremen,https://en.wikipedia.org/wiki/SV_Werder_Bremen,Czech Republic
5,2DF,Roman Hubník,(1984-06-06)6 June 1984 (aged 32),24,2,Viktoria Plzeň,https://en.wikipedia.org/wiki/FC_Viktoria_Plze%C5%88,Czech Republic
6,2DF,Tomáš Sivok,(1983-09-15)15 September 1983 (aged 32),52,5,Bursaspor,https://en.wikipedia.org/wiki/Bursaspor,Czech Republic
7,4FW,Tomáš Necid,(1989-08-13)13 August 1989 (aged 26),36,9,Bursaspor,https://en.wikipedia.org/wiki/Bursaspor,Czech Republic
8,2DF,David Limberský,(1983-10-06)6 October 1983 (aged 32),35,1,Viktoria Plzeň,https://en.wikipedia.org/wiki/FC_Viktoria_Plze%C5%88,Czech Republic
9,3MF,Bořek Dočkal,(1988-09-30)30 September 1988 (aged 27),23,6,Sparta Prague,https://en.wikipedia.org/wiki/AC_Sparta_Prague,Czech Republic
10,3MF,Tomáš Rosický (captain),(1980-10-04)4 October 1980 (aged 35),100,22,Arsenal,https://en.wikipedia.org/wiki/Arsenal_F.C.,Czech Republic
11,3MF,Daniel Pudil,(1985-09-27)27 September 1985 (aged 30),31,2,Sheffield Wednesday,https://en.wikipedia.org/wiki/Sheffield_Wednesday_F.C.,Czech Republic
12,4FW,Milan Škoda,(1986-01-16)16 January 1986 (aged 30),7,2,Slavia Prague,https://en.wikipedia.org/wiki/SK_Slavia_Prague,Czech Republic
13,3MF,Jaroslav Plašil,(1982-01-05)5 January 1982 (aged 34),97,6,Bordeaux,https://en.wikipedia.org/wiki/FC_Girondins_de_Bordeaux,Czech Republic
14,3MF,Daniel Kolář,(1985-10-27)27 October 1985 (aged 30),26,2,Viktoria Plzeň,https://en.wikipedia.org/wiki/FC_Viktoria_Plze%C5%88,Czech Republic
15,3MF,David Pavelka,(1991-05-18)18 May 1991 (aged 25),5,0,Kasımpaşa,https://en.wikipedia.org/wiki/Kas%C4%B1mpa%C5%9Fa_Spor_Kul%C3%BCb%C3%BC,Czech Republic
16,1GK,Tomáš Vaclík,(1989-03-29)29 March 1989 (aged 27),6,0,Basel,https://en.wikipedia.org/wiki/FC_Basel,Czech Republic
17,2DF,Marek Suchý,(1988-03-29)29 March 1988 (aged 28),26,0,Basel,https://en.wikipedia.org/wiki/FC_Basel,Czech Republic
18,3MF,Josef Šural,(1990-05-30)30 May 1990 (aged 26),9,1,Sparta Prague,https://en.wikipedia.org/wiki/AC_Sparta_Prague,Czech Republic
19,3MF,Ladislav Krejčí,(1992-07-05)5 July 1992 (aged 23),20,4,Sparta Prague,https://en.wikipedia.org/wiki/AC_Sparta_Prague,Czech Republic
20,3MF,Jiří Skalák,(1992-03-12)12 March 1992 (aged 24),7,0,Brighton & Hove Albion,https://en.wikipedia.org/wiki/Brighton_%26_Hove_Albion_F.C.,Czech Republic
21,4FW,David Lafata,(1981-09-18)18 September 1981 (aged 34),37,8,Sparta Prague,https://en.wikipedia.org/wiki/AC_Sparta_Prague,Czech Republic
22,3MF,Vladimír Darida,(1990-08-08)8 August 1990 (aged 25),33,1,Hertha BSC,https://en.wikipedia.org/wiki/Hertha_BSC,Czech Republic
23,1GK,Tomáš Koubek,(1992-08-26)26 August 1992 (aged 23),1,0,Slovan Liberec,https://en.wikipedia.org/wiki/FC_Slovan_Liberec,Czech Republic
1,1GK,Volkan Babacan,(1988-08-12)12 August 1988 (aged 27),16,0,İstanbul Başakşehir,https://en.wikipedia.org/wiki/%C4%B0stanbul_Ba%C5%9Fak%C5%9Fehir_F.K.,Turkey
2,2DF,Semih Kaya,(1991-02-24)24 February 1991 (aged 25),23,0,Galatasaray,https://en.wikipedia.org/wiki/Galatasaray_S.K._(football),Turkey
3,2DF,Hakan Balta,(1983-03-23)23 March 1983 (aged 33),45,2,Galatasaray,https://en.wikipedia.org/wiki/Galatasaray_S.K._(football),Turkey
4,2DF,Ahmet Yılmaz Çalık,(1994-06-22)22 June 1994 (aged 21),4,0,Gençlerbirliği,https://en.wikipedia.org/wiki/Gen%C3%A7lerbirli%C4%9Fi_S.K.,Turkey
5,3MF,Nuri Şahin,(1988-09-05)5 September 1988 (aged 27),48,2,Borussia Dortmund,https://en.wikipedia.org/wiki/Borussia_Dortmund,Turkey
6,3MF,Hakan Çalhanoğlu,(1994-02-08)8 February 1994 (aged 22),18,6,Bayer Leverkusen,https://en.wikipedia.org/wiki/Bayer_04_Leverkusen,Turkey
7,2DF,Gökhan Gönül,(1985-01-04)4 January 1985 (aged 31),55,1,Fenerbahçe,https://en.wikipedia.org/wiki/Fenerbah%C3%A7e_S.K._(football),Turkey
8,3MF,Selçuk İnan,(1985-02-10)10 February 1985 (aged 31),51,8,Galatasaray,https://en.wikipedia.org/wiki/Galatasaray_S.K._(football),Turkey
9,4FW,Cenk Tosun,(1991-06-07)7 June 1991 (aged 25),9,3,Beşiktaş,https://en.wikipedia.org/wiki/Be%C5%9Fikta%C5%9F_J.K.,Turkey
10,3MF,Arda Turan (captain),(1987-01-30)30 January 1987 (aged 29),90,17,Barcelona,https://en.wikipedia.org/wiki/FC_Barcelona,Turkey
11,3MF,Olcay Şahan,(1987-05-26)26 May 1987 (aged 29),23,2,Beşiktaş,https://en.wikipedia.org/wiki/Be%C5%9Fikta%C5%9F_J.K.,Turkey
12,1GK,Onur Kıvrak,(1988-01-01)1 January 1988 (aged 28),12,0,Trabzonspor,https://en.wikipedia.org/wiki/Trabzonspor,Turkey
13,2DF,İsmail Köybaşı,(1989-07-10)10 July 1989 (aged 26),18,0,Beşiktaş,https://en.wikipedia.org/wiki/Be%C5%9Fikta%C5%9F_J.K.,Turkey
14,3MF,Oğuzhan Özyakup,(1992-09-23)23 September 1992 (aged 23),19,1,Beşiktaş,https://en.wikipedia.org/wiki/Be%C5%9Fikta%C5%9F_J.K.,Turkey
15,3MF,Mehmet Topal,(1986-03-03)3 March 1986 (aged 30),58,1,Fenerbahçe,https://en.wikipedia.org/wiki/Fenerbah%C3%A7e_S.K._(football),Turkey
16,3MF,Ozan Tufan,(1995-03-23)23 March 1995 (aged 21),23,1,Fenerbahçe,https://en.wikipedia.org/wiki/Fenerbah%C3%A7e_S.K._(football),Turkey
17,4FW,Burak Yılmaz,(1985-07-15)15 July 1985 (aged 30),43,19,Beijing Guoan,https://en.wikipedia.org/wiki/Beijing_Guoan,Turkey
18,3MF,Caner Erkin,(1988-10-04)4 October 1988 (aged 27),46,2,Fenerbahçe,https://en.wikipedia.org/wiki/Fenerbah%C3%A7e_S.K._(football),Turkey
19,3MF,Yunus Mallı,(1992-02-24)24 February 1992 (aged 24),5,0,1. FSV Mainz 05,https://en.wikipedia.org/wiki/1._FSV_Mainz_05,Turkey
20,3MF,Volkan Şen,(1987-07-07)7 July 1987 (aged 28),16,0,Fenerbahçe,https://en.wikipedia.org/wiki/Fenerbah%C3%A7e_S.K._(football),Turkey
21,4FW,Emre Mor,(1997-07-24)24 July 1997 (aged 18),1,0,FC Nordsjælland,https://en.wikipedia.org/wiki/FC_Nordsj%C3%A6lland,Turkey
22,2DF,Şener Özbayraklı,(1990-01-23)23 January 1990 (aged 26),8,0,Fenerbahçe,https://en.wikipedia.org/wiki/Fenerbah%C3%A7e_S.K._(football),Turkey
23,1GK,Harun Tekin,(1989-06-17)17 June 1989 (aged 26),0,0,Bursaspor,https://en.wikipedia.org/wiki/Bursaspor,Turkey
1,1GK,Ivan Vargić,(1987-03-15) 15 March 1987 (ageÂ 29),2,0,Rijeka,https://en.wikipedia.org/wiki/HNK_Rijeka,Croatia
2,2DF,Šime Vrsaljko,(1992-01-10) 10 January 1992 (ageÂ 24),19,0,Sassuolo,https://en.wikipedia.org/wiki/U.S._Sassuolo_Calcio,Croatia
3,2DF,Ivan Strinić,(1987-07-17) 17 July 1987 (ageÂ 28),35,0,Napoli,https://en.wikipedia.org/wiki/S.S.C._Napoli,Croatia
4,3MF,Ivan Perišić,(1989-02-02) 2 February 1989 (ageÂ 27),47,13,Internazionale,https://en.wikipedia.org/wiki/Inter_Milan,Croatia
5,2DF,Vedran Ćorluka,(1986-02-05) 5 February 1986 (ageÂ 30),88,4,Lokomotiv Moscow,https://en.wikipedia.org/wiki/FC_Lokomotiv_Moscow,Croatia
6,2DF,Tin Jedvaj,(1995-11-28) 28 November 1995 (ageÂ 20),3,0,Bayer Leverkusen,https://en.wikipedia.org/wiki/Bayer_04_Leverkusen,Croatia
7,3MF,Ivan Rakitić,(1988-03-10) 10 March 1988 (ageÂ 28),76,11,Barcelona,https://en.wikipedia.org/wiki/FC_Barcelona,Croatia
8,3MF,Mateo Kovačić,(1994-05-06) 6 May 1994 (ageÂ 22),27,1,Real Madrid,https://en.wikipedia.org/wiki/Real_Madrid,Croatia
9,4FW,Andrej Kramarić,(1991-06-19) 19 June 1991 (ageÂ 24),11,4,1899 Hoffenheim,https://en.wikipedia.org/wiki/TSG_1899_Hoffenheim,Croatia
10,3MF,Luka Modrić,(1985-09-09) 9 September 1985 (ageÂ 30),90,10,Real Madrid,https://en.wikipedia.org/wiki/Real_Madrid_C.F.,Croatia
11,2DF,Darijo Srna (captain),(1982-05-01) 1 May 1982 (ageÂ 34),130,22,Shakhtar Donetsk,https://en.wikipedia.org/wiki/FC_Shakhtar_Donetsk,Croatia
12,1GK,Lovre Kalinić,(1990-04-03) 3 April 1990 (ageÂ 26),4,0,Hajduk Split,https://en.wikipedia.org/wiki/HNK_Hajduk_Split,Croatia
13,2DF,Gordon Schildenfeld,(1985-03-18) 18 March 1985 (ageÂ 31),27,1,Dinamo Zagreb,https://en.wikipedia.org/wiki/GNK_Dinamo_Zagreb,Croatia
14,3MF,Marcelo Brozović,(1992-11-16) 16 November 1992 (ageÂ 23),17,4,Internazionale,https://en.wikipedia.org/wiki/Inter_Milan,Croatia
15,3MF,Ante Ćorić,(1997-04-14) 14 April 1997 (ageÂ 19),2,0,Dinamo Zagreb,https://en.wikipedia.org/wiki/GNK_Dinamo_Zagreb,Croatia
16,4FW,Nikola Kalinić,(1988-01-05) 5 January 1988 (ageÂ 28),29,11,Fiorentina,https://en.wikipedia.org/wiki/ACF_Fiorentina,Croatia
17,4FW,Mario Mandžukić,(1986-05-21) 21 May 1986 (ageÂ 30),66,24,Juventus,https://en.wikipedia.org/wiki/Juventus_F.C.,Croatia
18,3MF,Marko Rog,(1995-07-19) 19 July 1995 (ageÂ 20),3,0,Dinamo Zagreb,https://en.wikipedia.org/wiki/GNK_Dinamo_Zagreb,Croatia
19,3MF,Milan Badelj,(1989-02-25) 25 February 1989 (ageÂ 27),20,1,Fiorentina,https://en.wikipedia.org/wiki/ACF_Fiorentina,Croatia
20,4FW,Marko Pjaca,(1995-05-06) 6 May 1995 (ageÂ 21),8,1,Dinamo Zagreb,https://en.wikipedia.org/wiki/GNK_Dinamo_Zagreb,Croatia
21,2DF,Domagoj Vida,(1989-04-29) 29 April 1989 (ageÂ 27),38,1,Dynamo Kyiv,https://en.wikipedia.org/wiki/FC_Dynamo_Kyiv,Croatia
22,4FW,Duje Čop,(1990-02-01) 1 February 1990 (ageÂ 26),4,0,Málaga,https://en.wikipedia.org/wiki/M%C3%A1laga_CF,Croatia
23,1GK,Danijel Subašić,(1984-10-27) 27 October 1984 (ageÂ 31),20,0,Monaco,https://en.wikipedia.org/wiki/AS_Monaco_FC,Croatia
1,1GK,Thibaut Courtois,(1992-05-11)11 May 1992 (aged 24),37,0,Chelsea,https://en.wikipedia.org/wiki/Chelsea_F.C.,Belgium
2,2DF,Toby Alderweireld,(1989-03-02)2 March 1989 (aged 27),55,1,Tottenham Hotspur,https://en.wikipedia.org/wiki/Tottenham_Hotspur_F.C.,Belgium
3,2DF,Thomas Vermaelen,(1985-11-14)14 November 1985 (aged 30),53,1,Barcelona,https://en.wikipedia.org/wiki/FC_Barcelona,Belgium
4,3MF,Radja Nainggolan,(1988-05-04)4 May 1988 (aged 28),19,4,Roma,https://en.wikipedia.org/wiki/A.S._Roma,Belgium
5,2DF,Jan Vertonghen,(1987-04-24)24 April 1987 (aged 29),77,6,Tottenham Hotspur,https://en.wikipedia.org/wiki/Tottenham_Hotspur_F.C.,Belgium
6,3MF,Axel Witsel,(1989-01-12)12 January 1989 (aged 27),67,6,Zenit Saint Petersburg,https://en.wikipedia.org/wiki/FC_Zenit_Saint_Petersburg,Belgium
7,4FW,Kevin De Bruyne,(1991-06-28)28 June 1991 (aged 24),39,12,Manchester City,https://en.wikipedia.org/wiki/Manchester_City_F.C.,Belgium
8,3MF,Marouane Fellaini,(1987-11-22)22 November 1987 (aged 28),68,15,Manchester United,https://en.wikipedia.org/wiki/Manchester_United_F.C.,Belgium
9,4FW,Romelu Lukaku,(1993-05-13)13 May 1993 (aged 23),44,12,Everton,https://en.wikipedia.org/wiki/Everton_F.C.,Belgium
10,4FW,Eden Hazard (captain),(1991-01-07)7 January 1991 (aged 25),65,13,Chelsea,https://en.wikipedia.org/wiki/Chelsea_F.C.,Belgium
11,4FW,Yannick Ferreira Carrasco,(1993-09-04)4 September 1993 (aged 22),4,0,Atlético Madrid,https://en.wikipedia.org/wiki/Atl%C3%A9tico_Madrid,Belgium
12,1GK,Simon Mignolet,(1988-03-06)6 March 1988 (aged 28),16,0,Liverpool,https://en.wikipedia.org/wiki/Liverpool_F.C.,Belgium
13,1GK,Jean-François Gillet,(1979-05-31)31 May 1979 (aged 37),9,0,Mechelen,https://en.wikipedia.org/wiki/KV_Mechelen,Belgium
14,4FW,Dries Mertens,(1987-05-06)6 May 1987 (aged 29),45,8,Napoli,https://en.wikipedia.org/wiki/S.S.C._Napoli,Belgium
15,2DF,Jason Denayer,(1995-06-28)28 June 1995 (aged 20),7,0,Galatasaray,https://en.wikipedia.org/wiki/Galatasaray_S.K._(football),Belgium
16,2DF,Thomas Meunier,(1991-09-12)12 September 1991 (aged 24),5,0,Club Brugge,https://en.wikipedia.org/wiki/Club_Brugge_KV,Belgium
17,4FW,Divock Origi,(1995-04-18)18 April 1995 (aged 21),19,3,Liverpool,https://en.wikipedia.org/wiki/Liverpool_F.C.,Belgium
18,2DF,Christian Kabasele,(1991-02-24)24 February 1991 (aged 25),0,0,Genk,https://en.wikipedia.org/wiki/K.R.C._Genk,Belgium
19,3MF,Mousa Dembélé,(1987-07-16)16 July 1987 (aged 28),65,5,Tottenham Hotspur,https://en.wikipedia.org/wiki/Tottenham_Hotspur_F.C.,Belgium
20,4FW,Christian Benteke,(1990-12-03)3 December 1990 (aged 25),26,6,Liverpool,https://en.wikipedia.org/wiki/Liverpool_F.C.,Belgium
21,2DF,Jordan Lukaku,(1994-07-25)25 July 1994 (aged 21),4,0,Oostende,https://en.wikipedia.org/wiki/K.V._Oostende,Belgium
22,4FW,Michy Batshuayi,(1993-10-02)2 October 1993 (aged 22),5,2,Marseille,https://en.wikipedia.org/wiki/Olympique_de_Marseille,Belgium
23,2DF,Laurent Ciman,(1985-08-05)5 August 1985 (aged 30),11,1,Montreal Impact,https://en.wikipedia.org/wiki/Montreal_Impact,Belgium
1,1GK,Gianluigi Buffon (captain),(1978-01-28)28 January 1978 (aged 38),157,0,Juventus,https://en.wikipedia.org/wiki/Juventus_F.C.,Italy
2,2DF,Mattia De Sciglio,(1992-10-20)20 October 1992 (aged 23),22,0,Milan,https://en.wikipedia.org/wiki/A.C._Milan,Italy
3,2DF,Giorgio Chiellini,(1984-08-14)14 August 1984 (aged 31),84,6,Juventus,https://en.wikipedia.org/wiki/Juventus_F.C.,Italy
4,2DF,Matteo Darmian,(1989-12-02)2 December 1989 (aged 26),22,1,Manchester United,https://en.wikipedia.org/wiki/Manchester_United_F.C.,Italy
5,2DF,Angelo Ogbonna,(1988-05-23)23 May 1988 (aged 28),11,0,West Ham United,https://en.wikipedia.org/wiki/West_Ham_United_F.C.,Italy
6,3MF,Antonio Candreva,(1987-02-28)28 February 1987 (aged 29),38,4,Lazio,https://en.wikipedia.org/wiki/S.S._Lazio,Italy
7,4FW,Simone Zaza,(1991-06-25)25 June 1991 (aged 24),11,1,Juventus,https://en.wikipedia.org/wiki/Juventus_F.C.,Italy
8,3MF,Alessandro Florenzi,(1991-03-11)11 March 1991 (aged 25),17,2,Roma,https://en.wikipedia.org/wiki/A.S._Roma,Italy
9,4FW,Graziano Pellè,(1985-07-15)15 July 1985 (aged 30),13,5,Southampton,https://en.wikipedia.org/wiki/Southampton_F.C.,Italy
10,3MF,Thiago Motta,(1982-08-28)28 August 1982 (aged 33),26,1,Paris Saint-Germain,https://en.wikipedia.org/wiki/Paris_Saint-Germain_F.C.,Italy
11,4FW,Ciro Immobile,(1990-02-20)20 February 1990 (aged 26),13,1,Torino,https://en.wikipedia.org/wiki/Torino_F.C.,Italy
12,1GK,Salvatore Sirigu,(1987-01-12)12 January 1987 (aged 29),16,0,Paris Saint-Germain,https://en.wikipedia.org/wiki/Paris_Saint-Germain_F.C.,Italy
13,1GK,Federico Marchetti,(1983-02-07)7 February 1983 (aged 33),11,0,Lazio,https://en.wikipedia.org/wiki/S.S._Lazio,Italy
14,3MF,Stefano Sturaro,(1993-03-09)9 March 1993 (aged 23),1,0,Juventus,https://en.wikipedia.org/wiki/Juventus_F.C.,Italy
15,2DF,Andrea Barzagli,(1981-05-08)8 May 1981 (aged 35),56,0,Juventus,https://en.wikipedia.org/wiki/Juventus_F.C.,Italy
16,3MF,Daniele De Rossi,(1983-07-24)24 July 1983 (aged 32),103,18,Roma,https://en.wikipedia.org/wiki/A.S._Roma,Italy
17,4FW,Éder,(1986-11-15)15 November 1986 (aged 29),10,2,Internazionale,https://en.wikipedia.org/wiki/Inter_Milan,Italy
18,3MF,Marco Parolo,(1985-01-25)25 January 1985 (aged 31),20,0,Lazio,https://en.wikipedia.org/wiki/S.S._Lazio,Italy
19,2DF,Leonardo Bonucci,(1987-05-01)1 May 1987 (aged 29),57,3,Juventus,https://en.wikipedia.org/wiki/Juventus_F.C.,Italy
20,4FW,Lorenzo Insigne,(1991-06-04)4 June 1991 (aged 25),9,2,Napoli,https://en.wikipedia.org/wiki/S.S.C._Napoli,Italy
21,3MF,Federico Bernardeschi,(1994-02-16)16 February 1994 (aged 22),4,0,Fiorentina,https://en.wikipedia.org/wiki/ACF_Fiorentina,Italy
22,4FW,Stephan El Shaarawy,(1992-10-27)27 October 1992 (aged 23),19,3,Roma,https://en.wikipedia.org/wiki/A.S._Roma,Italy
23,3MF,Emanuele Giaccherini,(1985-05-05)5 May 1985 (aged 31),25,3,Bologna,https://en.wikipedia.org/wiki/Bologna_F.C._1909,Italy
1,1GK,Keiren Westwood,(1984-10-23)23 October 1984 (aged 31),18,0,Sheffield Wednesday,https://en.wikipedia.org/wiki/Sheffield_Wednesday_F.C.,Republic of Ireland
2,2DF,Séamus Coleman,(1988-10-11)11 October 1988 (aged 27),34,0,Everton,https://en.wikipedia.org/wiki/Everton_F.C.,Republic of Ireland
3,2DF,Ciaran Clark,(1989-09-26)26 September 1989 (aged 26),17,2,Aston Villa,https://en.wikipedia.org/wiki/Aston_Villa_F.C.,Republic of Ireland
4,2DF,John O'Shea,(1981-04-30)30 April 1981 (aged 35),111,3,Sunderland,https://en.wikipedia.org/wiki/Sunderland_A.F.C.,Republic of Ireland
5,2DF,Richard Keogh,(1986-08-11)11 August 1986 (aged 29),12,1,Derby County,https://en.wikipedia.org/wiki/Derby_County_F.C.,Republic of Ireland
6,3MF,Glenn Whelan,(1984-01-13)13 January 1984 (aged 32),71,2,Stoke City,https://en.wikipedia.org/wiki/Stoke_City_F.C.,Republic of Ireland
7,3MF,Aiden McGeady,(1986-04-04)4 April 1986 (aged 30),82,5,Everton,https://en.wikipedia.org/wiki/Everton_F.C.,Republic of Ireland
8,3MF,James McCarthy,(1990-11-12)12 November 1990 (aged 25),35,0,Everton,https://en.wikipedia.org/wiki/Everton_F.C.,Republic of Ireland
9,4FW,Shane Long,(1987-01-22)22 January 1987 (aged 29),63,16,Southampton,https://en.wikipedia.org/wiki/Southampton_F.C.,Republic of Ireland
10,4FW,Robbie Keane (captain),(1980-07-08)8 July 1980 (aged 35),143,67,LA Galaxy,https://en.wikipedia.org/wiki/LA_Galaxy,Republic of Ireland
11,3MF,James McClean,(1989-04-22)22 April 1989 (aged 27),38,5,West Bromwich Albion,https://en.wikipedia.org/wiki/West_Bromwich_Albion_F.C.,Republic of Ireland
12,2DF,Shane Duffy,(1992-01-01)1 January 1992 (aged 24),3,0,Blackburn Rovers,https://en.wikipedia.org/wiki/Blackburn_Rovers_F.C.,Republic of Ireland
13,3MF,Jeff Hendrick,(1992-01-31)31 January 1992 (aged 24),21,0,Derby County,https://en.wikipedia.org/wiki/Derby_County_F.C.,Republic of Ireland
14,4FW,Jonathan Walters,(1983-09-20)20 September 1983 (aged 32),39,10,Stoke City,https://en.wikipedia.org/wiki/Stoke_City_F.C.,Republic of Ireland
15,2DF,Cyrus Christie,(1992-09-30)30 September 1992 (aged 23),5,1,Derby County,https://en.wikipedia.org/wiki/Derby_County_F.C.,Republic of Ireland
16,1GK,Shay Given,(1976-04-20)20 April 1976 (aged 40),134,0,Stoke City,https://en.wikipedia.org/wiki/Stoke_City_F.C.,Republic of Ireland
17,2DF,Stephen Ward,(1985-08-20)20 August 1985 (aged 30),33,3,Burnley,https://en.wikipedia.org/wiki/Burnley_F.C.,Republic of Ireland
18,3MF,David Meyler,(1989-05-29)29 May 1989 (aged 27),16,0,Hull City,https://en.wikipedia.org/wiki/Hull_City_A.F.C.,Republic of Ireland
19,3MF,Robbie Brady,(1992-01-14)14 January 1992 (aged 24),23,4,Norwich City,https://en.wikipedia.org/wiki/Norwich_City_F.C.,Republic of Ireland
20,3MF,Wes Hoolahan,(1982-05-20)20 May 1982 (aged 34),30,2,Norwich City,https://en.wikipedia.org/wiki/Norwich_City_F.C.,Republic of Ireland
21,4FW,Daryl Murphy,(1983-03-15)15 March 1983 (aged 33),21,0,Ipswich Town,https://en.wikipedia.org/wiki/Ipswich_Town_F.C.,Republic of Ireland
22,3MF,Stephen Quinn,(1986-04-04)4 April 1986 (aged 30),15,0,Reading,https://en.wikipedia.org/wiki/Reading_F.C.,Republic of Ireland
23,1GK,Darren Randolph,(1987-05-12)12 May 1987 (aged 29),9,0,West Ham United,https://en.wikipedia.org/wiki/West_Ham_United_F.C.,Republic of Ireland
1,1GK,Andreas Isaksson,(1981-10-03)3 October 1981 (aged 34),129,0,Kasımpaşa,https://en.wikipedia.org/wiki/Kas%C4%B1mpa%C5%9Fa_Spor_Kul%C3%BCb%C3%BC,Sweden
2,2DF,Mikael Lustig,(1986-12-13)13 December 1986 (aged 29),51,2,Celtic,https://en.wikipedia.org/wiki/Celtic_F.C.,Sweden
3,2DF,Erik Johansson,(1988-12-30)30 December 1988 (aged 27),8,0,Copenhagen,https://en.wikipedia.org/wiki/F.C._Copenhagen,Sweden
4,2DF,Andreas Granqvist,(1985-04-16)16 April 1985 (aged 31),51,3,Krasnodar,https://en.wikipedia.org/wiki/FC_Krasnodar,Sweden
5,2DF,Martin Olsson,(1988-05-17)17 May 1988 (aged 28),34,5,Norwich City,https://en.wikipedia.org/wiki/Norwich_City_F.C.,Sweden
6,3MF,Emil Forsberg,(1991-10-23)23 October 1991 (aged 24),16,1,RB Leipzig,https://en.wikipedia.org/wiki/RB_Leipzig,Sweden
7,3MF,Sebastian Larsson,(1985-06-06)6 June 1985 (aged 31),83,6,Sunderland,https://en.wikipedia.org/wiki/Sunderland_A.F.C.,Sweden
8,3MF,Albin Ekdal,(1989-07-28)28 July 1989 (aged 26),21,0,Hamburger SV,https://en.wikipedia.org/wiki/Hamburger_SV,Sweden
9,3MF,Kim Källström,(1982-08-24)24 August 1982 (aged 33),127,16,Grasshopper,https://en.wikipedia.org/wiki/Grasshopper_Club_Z%C3%BCrich,Sweden
10,4FW,Zlatan Ibrahimović (captain),(1981-10-03)3 October 1981 (aged 34),112,62,Paris Saint-Germain,https://en.wikipedia.org/wiki/Paris_Saint-Germain_F.C.,Sweden
11,4FW,Marcus Berg,(1986-08-17)17 August 1986 (aged 29),37,10,Panathinaikos,https://en.wikipedia.org/wiki/Panathinaikos_F.C.,Sweden
12,1GK,Robin Olsen,(1990-01-08)8 January 1990 (aged 26),3,0,Copenhagen,https://en.wikipedia.org/wiki/F.C._Copenhagen,Sweden
13,2DF,Pontus Jansson,(1991-02-13)13 February 1991 (aged 25),8,0,Torino,https://en.wikipedia.org/wiki/Torino_F.C.,Sweden
14,2DF,Victor Lindelöf,(1994-07-17)17 July 1994 (aged 21),3,0,Benfica,https://en.wikipedia.org/wiki/S.L._Benfica,Sweden
15,3MF,Oscar Hiljemark,(1992-06-28)28 June 1992 (aged 23),10,1,Palermo,https://en.wikipedia.org/wiki/U.S._Citt%C3%A0_di_Palermo,Sweden
16,3MF,Pontus Wernbloom,(1986-06-25)25 June 1986 (aged 29),51,2,CSKA Moscow,https://en.wikipedia.org/wiki/PFC_CSKA_Moscow,Sweden
17,2DF,Ludwig Augustinsson,(1994-04-21)21 April 1994 (aged 22),3,0,Copenhagen,https://en.wikipedia.org/wiki/F.C._Copenhagen,Sweden
18,3MF,Oscar Lewicki,(1992-07-14)14 July 1992 (aged 23),9,0,Malmö FF,https://en.wikipedia.org/wiki/Malm%C3%B6_FF,Sweden
19,4FW,Emir Kujović,(1988-06-22)22 June 1988 (aged 27),3,1,IFK Norrköping,https://en.wikipedia.org/wiki/IFK_Norrk%C3%B6ping,Sweden
20,4FW,John Guidetti,(1992-04-15)15 April 1992 (aged 24),8,0,Celta Vigo,https://en.wikipedia.org/wiki/Celta_de_Vigo,Sweden
21,3MF,Jimmy Durmaz,(1989-03-22)22 March 1989 (aged 27),31,2,Olympiacos,https://en.wikipedia.org/wiki/Olympiacos_F.C.,Sweden
22,3MF,Erkan Zengin,(1985-08-05)5 August 1985 (aged 30),20,3,Trabzonspor,https://en.wikipedia.org/wiki/Trabzonspor,Sweden
23,1GK,Patrik Carlgren,(1992-01-08)8 January 1992 (aged 24),1,0,AIK,https://en.wikipedia.org/wiki/AIK_Fotboll,Sweden
1,1GK,Rui Patrício,(1988-02-15) 15 February 1988 (ageÂ 28),43,0,Sporting CP,https://en.wikipedia.org/wiki/Sporting_Clube_de_Portugal,Portugal
2,2DF,Bruno Alves,(1981-11-27) 27 November 1981 (ageÂ 34),84,10,Fenerbahçe,https://en.wikipedia.org/wiki/Fenerbah%C3%A7e_S.K._(football),Portugal
3,2DF,Pepe,(1983-02-26) 26 February 1983 (ageÂ 33),70,3,Real Madrid,https://en.wikipedia.org/wiki/Real_Madrid_C.F.,Portugal
4,2DF,José Fonte,(1983-12-22) 22 December 1983 (ageÂ 32),10,0,Southampton,https://en.wikipedia.org/wiki/Southampton_F.C.,Portugal
5,2DF,Raphaël Guerreiro,(1993-12-22) 22 December 1993 (ageÂ 22),6,2,Lorient,https://en.wikipedia.org/wiki/FC_Lorient,Portugal
6,2DF,Ricardo Carvalho,(1978-05-18) 18 May 1978 (ageÂ 38),84,5,Monaco,https://en.wikipedia.org/wiki/AS_Monaco_FC,Portugal
7,4FW,Cristiano Ronaldo (captain),(1985-02-05) 5 February 1985 (ageÂ 31),125,56,Real Madrid,https://en.wikipedia.org/wiki/Real_Madrid_C.F.,Portugal
8,3MF,João Moutinho,(1986-09-08) 8 September 1986 (ageÂ 29),82,4,Monaco,https://en.wikipedia.org/wiki/AS_Monaco_FC,Portugal
9,4FW,Éder,(1987-12-22) 22 December 1987 (ageÂ 28),24,2,Lille,https://en.wikipedia.org/wiki/Lille_OSC,Portugal
10,3MF,João Mário,(1993-01-19) 19 January 1993 (ageÂ 23),9,0,Sporting CP,https://en.wikipedia.org/wiki/Sporting_Clube_de_Portugal,Portugal
11,3MF,Vieirinha,(1986-01-24) 24 January 1986 (ageÂ 30),20,1,VfL Wolfsburg,https://en.wikipedia.org/wiki/VfL_Wolfsburg,Portugal
12,1GK,Anthony Lopes,(1990-10-01) 1 October 1990 (ageÂ 25),4,0,Lyon,https://en.wikipedia.org/wiki/Olympique_Lyonnais,Portugal
13,3MF,Danilo,(1991-09-09) 9 September 1991 (ageÂ 24),10,0,Porto,https://en.wikipedia.org/wiki/FC_Porto,Portugal
14,3MF,William Carvalho,(1992-04-07) 7 April 1992 (ageÂ 24),18,0,Sporting CP,https://en.wikipedia.org/wiki/Sporting_Clube_de_Portugal,Portugal
15,3MF,André Gomes,(1993-07-30) 30 July 1993 (ageÂ 22),6,0,Valencia,https://en.wikipedia.org/wiki/Valencia_CF,Portugal
16,3MF,Renato Sanches,(1997-08-18) 18 August 1997 (ageÂ 18),3,0,Benfica,https://en.wikipedia.org/wiki/S.L._Benfica,Portugal
17,4FW,Nani,(1986-11-17) 17 November 1986 (ageÂ 29),94,18,Fenerbahçe,https://en.wikipedia.org/wiki/Fenerbah%C3%A7e_S.K._(football),Portugal
18,3MF,Rafa Silva,(1993-05-17) 17 May 1993 (ageÂ 23),7,0,Braga,https://en.wikipedia.org/wiki/S.C._Braga,Portugal
19,2DF,Eliseu,(1983-10-01) 1 October 1983 (ageÂ 32),15,1,Benfica,https://en.wikipedia.org/wiki/S.L._Benfica,Portugal
20,4FW,Ricardo Quaresma,(1983-09-26) 26 September 1983 (ageÂ 32),48,5,Beşiktaş,https://en.wikipedia.org/wiki/Be%C5%9Fikta%C5%9F_J.K.,Portugal
21,2DF,Cédric Soares,(1991-08-31) 31 August 1991 (ageÂ 24),10,0,Southampton,https://en.wikipedia.org/wiki/Southampton_F.C.,Portugal
22,1GK,Eduardo,(1982-09-19) 19 September 1982 (ageÂ 33),35,0,Dinamo Zagreb,https://en.wikipedia.org/wiki/GNK_Dinamo_Zagreb,Portugal
23,3MF,Adrien Silva,(1989-03-15) 15 March 1989 (ageÂ 27),8,0,Sporting CP,https://en.wikipedia.org/wiki/Sporting_Clube_de_Portugal,Portugal
1,1GK,Hannes Þór Halldórsson,(1984-04-28) 28 April 1984 (ageÂ 32),32,0,Bodø/Glimt,https://en.wikipedia.org/wiki/FK_Bod%C3%B8/Glimt,Iceland
2,2DF,Birkir Már Sævarsson,(1984-11-11) 11 November 1984 (ageÂ 31),56,0,Hammarby IF,https://en.wikipedia.org/wiki/Hammarby_Fotboll,Iceland
3,2DF,Haukur Heiðar Hauksson,(1991-09-01) 1 September 1991 (ageÂ 24),6,0,AIK,https://en.wikipedia.org/wiki/AIK_Fotboll,Iceland
4,2DF,Hjörtur Hermannsson,(1995-02-08) 8 February 1995 (ageÂ 21),2,0,IFK Göteborg,https://en.wikipedia.org/wiki/IFK_G%C3%B6teborg,Iceland
5,2DF,Sverrir Ingi Ingason,(1993-08-05) 5 August 1993 (ageÂ 22),4,1,Lokeren,https://en.wikipedia.org/wiki/K.S.C._Lokeren_Oost-Vlaanderen,Iceland
6,2DF,Ragnar Sigurðsson,(1986-06-19) 19 June 1986 (ageÂ 29),54,1,Krasnodar,https://en.wikipedia.org/wiki/FC_Krasnodar,Iceland
7,4FW,Jóhann Berg Guðmundsson,(1990-10-27) 27 October 1990 (ageÂ 25),45,5,Charlton Athletic,https://en.wikipedia.org/wiki/Charlton_Athletic_F.C.,Iceland
8,3MF,Birkir Bjarnason,(1988-05-27) 27 May 1988 (ageÂ 28),46,6,Basel,https://en.wikipedia.org/wiki/FC_Basel,Iceland
9,4FW,Kolbeinn Sigþórsson,(1990-03-14) 14 March 1990 (ageÂ 26),37,19,Nantes,https://en.wikipedia.org/wiki/FC_Nantes,Iceland
10,3MF,Gylfi Sigurðsson,(1989-09-08) 8 September 1989 (ageÂ 26),37,12,Swansea City,https://en.wikipedia.org/wiki/Swansea_City_A.F.C.,Iceland
11,4FW,Alfreð Finnbogason,(1989-02-01) 1 February 1989 (ageÂ 27),32,7,FC Augsburg,https://en.wikipedia.org/wiki/FC_Augsburg,Iceland
12,1GK,Ögmundur Kristinsson,(1989-06-19) 19 June 1989 (ageÂ 26),10,0,Hammarby IF,https://en.wikipedia.org/wiki/Hammarby_Fotboll,Iceland
13,1GK,Ingvar Jónsson,(1989-10-18) 18 October 1989 (ageÂ 26),4,0,Sandefjord,https://en.wikipedia.org/wiki/Sandefjord_Fotball,Iceland
14,3MF,Kári Árnason,(1982-10-13) 13 October 1982 (ageÂ 33),47,2,Malmö FF,https://en.wikipedia.org/wiki/Malm%C3%B6_FF,Iceland
15,4FW,Jón Daði Böðvarsson,(1992-05-25) 25 May 1992 (ageÂ 24),20,1,1. FC Kaiserslautern,https://en.wikipedia.org/wiki/1._FC_Kaiserslautern,Iceland
16,3MF,Rúnar Már Sigurjónsson,(1990-06-18) 18 June 1990 (ageÂ 25),9,1,GIF Sundsvall,https://en.wikipedia.org/wiki/GIF_Sundsvall,Iceland
17,3MF,Aron Gunnarsson (captain),(1989-04-22) 22 April 1989 (ageÂ 27),57,2,Cardiff City,https://en.wikipedia.org/wiki/Cardiff_City_F.C.,Iceland
18,2DF,Theódór Elmar Bjarnason,(1987-03-04) 4 March 1987 (ageÂ 29),25,0,AGF,https://en.wikipedia.org/wiki/Aarhus_Gymnastikforening,Iceland
19,2DF,Hörður Björgvin Magnússon,(1993-02-11) 11 February 1993 (ageÂ 23),3,0,Cesena,https://en.wikipedia.org/wiki/A.C._Cesena,Iceland
20,3MF,Emil Hallfreðsson,(1984-06-29) 29 June 1984 (ageÂ 31),52,1,Udinese,https://en.wikipedia.org/wiki/Udinese_Calcio,Iceland
21,2DF,Arnór Ingvi Traustason,(1993-04-30) 30 April 1993 (ageÂ 23),6,3,IFK Norrköping,https://en.wikipedia.org/wiki/IFK_Norrk%C3%B6ping,Iceland
22,4FW,Eiður Guðjohnsen,(1978-09-15) 15 September 1978 (ageÂ 37),84,25,Molde FK,https://en.wikipedia.org/wiki/Molde_FK,Iceland
23,2DF,Ari Freyr Skúlason,(1987-05-14) 14 May 1987 (ageÂ 29),37,0,OB,https://en.wikipedia.org/wiki/Odense_Boldklub,Iceland
1,1GK,Robert Almer,(1984-03-20)20 March 1984 (aged 32),28,0,Austria Wien,https://en.wikipedia.org/wiki/FK_Austria_Wien,Austria
2,3MF,György Garics,(1984-03-08)8 March 1984 (aged 32),41,2,Darmstadt 98,https://en.wikipedia.org/wiki/SV_Darmstadt_98,Austria
3,2DF,Aleksandar Dragović,(1991-03-06)6 March 1991 (aged 25),47,1,Dynamo Kyiv,https://en.wikipedia.org/wiki/FC_Dynamo_Kyiv,Austria
4,2DF,Martin Hinteregger,(1992-09-07)7 September 1992 (aged 23),14,0,Borussia Mönchengladbach,https://en.wikipedia.org/wiki/Borussia_M%C3%B6nchengladbach,Austria
5,2DF,Christian Fuchs (captain),(1986-04-07)7 April 1986 (aged 30),75,1,Leicester City,https://en.wikipedia.org/wiki/Leicester_City_F.C.,Austria
6,3MF,Stefan Ilsanker,(1989-05-18)18 May 1989 (aged 27),16,0,RB Leipzig,https://en.wikipedia.org/wiki/RB_Leipzig,Austria
7,4FW,Marko Arnautović,(1989-04-19)19 April 1989 (aged 27),52,11,Stoke City,https://en.wikipedia.org/wiki/Stoke_City_F.C.,Austria
8,3MF,David Alaba,(1992-06-24)24 June 1992 (aged 23),46,11,Bayern Munich,https://en.wikipedia.org/wiki/FC_Bayern_Munich,Austria
9,4FW,Rubin Okotie,(1987-06-06)6 June 1987 (aged 29),17,2,1860 München,https://en.wikipedia.org/wiki/TSV_1860_M%C3%BCnchen,Austria
10,3MF,Zlatko Junuzović,(1987-09-26)26 September 1987 (aged 28),48,7,Werder Bremen,https://en.wikipedia.org/wiki/SV_Werder_Bremen,Austria
11,3MF,Martin Harnik,(1987-06-10)10 June 1987 (aged 29),58,14,VfB Stuttgart,https://en.wikipedia.org/wiki/VfB_Stuttgart,Austria
12,1GK,Heinz Lindner,(1990-07-17)17 July 1990 (aged 25),8,0,Eintracht Frankfurt,https://en.wikipedia.org/wiki/Eintracht_Frankfurt,Austria
13,2DF,Markus Suttner,(1987-04-16)16 April 1987 (aged 29),16,0,Ingolstadt 04,https://en.wikipedia.org/wiki/FC_Ingolstadt_04,Austria
14,3MF,Julian Baumgartlinger,(1988-01-02)2 January 1988 (aged 28),45,1,Mainz 05,https://en.wikipedia.org/wiki/1._FSV_Mainz_05,Austria
15,2DF,Sebastian Prödl,(1987-06-21)21 June 1987 (aged 28),57,4,Watford,https://en.wikipedia.org/wiki/Watford_F.C.,Austria
16,2DF,Kevin Wimmer,(1992-11-15)15 November 1992 (aged 23),3,0,Tottenham Hotspur,https://en.wikipedia.org/wiki/Tottenham_Hotspur_F.C.,Austria
17,2DF,Florian Klein,(1986-11-17)17 November 1986 (aged 29),37,0,VfB Stuttgart,https://en.wikipedia.org/wiki/VfB_Stuttgart,Austria
18,3MF,Alessandro Schöpf,(1994-02-07)7 February 1994 (aged 22),4,1,Schalke 04,https://en.wikipedia.org/wiki/FC_Schalke_04,Austria
19,4FW,Lukas Hinterseer,(1991-03-28)28 March 1991 (aged 25),10,0,Ingolstadt 04,https://en.wikipedia.org/wiki/FC_Ingolstadt_04,Austria
20,3MF,Marcel Sabitzer,(1994-03-17)17 March 1994 (aged 22),18,3,RB Leipzig,https://en.wikipedia.org/wiki/RB_Leipzig,Austria
21,4FW,Marc Janko,(1983-06-25)25 June 1983 (aged 32),54,26,Basel,https://en.wikipedia.org/wiki/FC_Basel,Austria
22,3MF,Jakob Jantscher,(1989-01-08)8 January 1989 (aged 27),22,1,Luzern,https://en.wikipedia.org/wiki/FC_Luzern,Austria
23,1GK,Ramazan Özcan,(1984-06-28)28 June 1984 (aged 31),7,0,Ingolstadt 04,https://en.wikipedia.org/wiki/FC_Ingolstadt_04,Austria
1,1GK,Gábor Király,(1976-04-01)1 April 1976 (aged 40),103,0,Haladás,https://en.wikipedia.org/wiki/Szombathelyi_Halad%C3%A1s,Hungary
2,2DF,Ádám Lang,(1993-01-17)17 January 1993 (aged 23),11,0,Videoton,https://en.wikipedia.org/wiki/Videoton_FC,Hungary
3,2DF,Mihály Korhut,(1988-12-01)1 December 1988 (aged 27),4,0,Debrecen,https://en.wikipedia.org/wiki/Debreceni_VSC,Hungary
4,2DF,Tamás Kádár,(1990-03-14)14 March 1990 (aged 26),30,0,Lech Poznań,https://en.wikipedia.org/wiki/Lech_Pozna%C5%84,Hungary
5,2DF,Attila Fiola,(1990-02-17)17 February 1990 (aged 26),15,0,Puskás Akadémia,https://en.wikipedia.org/wiki/Pusk%C3%A1s_Akad%C3%A9mia_FC,Hungary
6,3MF,Ákos Elek,(1988-07-21)21 July 1988 (aged 27),38,1,Diósgyőri VTK,https://en.wikipedia.org/wiki/Di%C3%B3sgy%C5%91ri_VTK,Hungary
7,4FW,Balázs Dzsudzsák (captain),(1986-12-23)23 December 1986 (aged 29),78,18,Bursaspor,https://en.wikipedia.org/wiki/Bursaspor,Hungary
8,3MF,Ádám Nagy,(1995-06-17)17 June 1995 (aged 20),8,0,Ferencváros,https://en.wikipedia.org/wiki/Ferencv%C3%A1rosi_TC,Hungary
9,4FW,Ádám Szalai,(1987-12-09)9 December 1987 (aged 28),32,8,Hannover 96,https://en.wikipedia.org/wiki/Hannover_96,Hungary
10,4FW,Zoltán Gera,(1979-04-22)22 April 1979 (aged 37),89,24,Ferencváros,https://en.wikipedia.org/wiki/Ferencv%C3%A1rosi_TC,Hungary
11,4FW,Krisztián Németh,(1989-01-05)5 January 1989 (aged 27),24,3,Al-Gharafa,https://en.wikipedia.org/wiki/Al-Gharafa_Sports_Club,Hungary
12,1GK,Dénes Dibusz,(1990-11-16)16 November 1990 (aged 25),4,0,Ferencváros,https://en.wikipedia.org/wiki/Ferencv%C3%A1rosi_TC,Hungary
13,4FW,Dániel Böde,(1986-10-24)24 October 1986 (aged 29),12,4,Ferencváros,https://en.wikipedia.org/wiki/Ferencv%C3%A1rosi_TC,Hungary
14,3MF,Gergő Lovrencsics,(1988-09-01)1 September 1988 (aged 27),12,1,Lech Poznań,https://en.wikipedia.org/wiki/Lech_Pozna%C5%84,Hungary
15,3MF,László Kleinheisler,(1994-04-08)8 April 1994 (aged 22),5,1,Werder Bremen,https://en.wikipedia.org/wiki/SV_Werder_Bremen,Hungary
16,2DF,Ádám Pintér,(1988-06-12)12 June 1988 (aged 27),21,0,Ferencváros,https://en.wikipedia.org/wiki/Ferencv%C3%A1rosi_TC,Hungary
17,4FW,Nemanja Nikolić,(1987-12-31)31 December 1987 (aged 28),18,3,Legia Warsaw,https://en.wikipedia.org/wiki/Legia_Warsaw,Hungary
18,3MF,Zoltán Stieber,(1988-10-16)16 October 1988 (aged 27),12,2,1. FC Nürnberg,https://en.wikipedia.org/wiki/1._FC_N%C3%BCrnberg,Hungary
19,4FW,Tamás Priskin,(1986-09-27)27 September 1986 (aged 29),56,17,Slovan Bratislava,https://en.wikipedia.org/wiki/%C5%A0K_Slovan_Bratislava,Hungary
20,2DF,Richárd Guzmics,(1987-04-16)16 April 1987 (aged 29),14,1,Wisła Kraków,https://en.wikipedia.org/wiki/Wis%C5%82a_Krak%C3%B3w,Hungary
21,2DF,Barnabás Bese,(1994-05-06)6 May 1994 (aged 22),1,0,MTK Budapest,https://en.wikipedia.org/wiki/MTK_Budapest_FC,Hungary
22,1GK,Péter Gulácsi,(1990-05-06)6 May 1990 (aged 26),3,0,RB Leipzig,https://en.wikipedia.org/wiki/RB_Leipzig,Hungary
23,2DF,Roland Juhász,(1983-07-01)1 July 1983 (aged 32),91,6,Videoton,https://en.wikipedia.org/wiki/Videoton_FC,Hungary
