"year","teams","url","team","qualified_as","qualified_on","url_team","url_comp_logo","comp_prev","team_alpha3"
1960,4,"https://en.wikipedia.org/wiki/UEFA_Euro_1960","France","Quarter-finals winner","27 March 1960","/wiki/France_national_football_team","//upload.wikimedia.org/wikipedia/en/thumb/d/d9/UEFA_Euro_1960_logo.svg/200px-UEFA_Euro_1960_logo.svg.png",NA,"FRA"
1960,4,"https://en.wikipedia.org/wiki/UEFA_Euro_1960","Yugoslavia","Quarter-finals winner","22 May 1960","/wiki/Yugoslavia_national_football_team","//upload.wikimedia.org/wikipedia/en/thumb/d/d9/UEFA_Euro_1960_logo.svg/200px-UEFA_Euro_1960_logo.svg.png",NA,"YUG"
1960,4,"https://en.wikipedia.org/wiki/UEFA_Euro_1960","Soviet Union","Quarter-finals winner[A]","28 May 1960","/wiki/Soviet_Union_national_football_team","//upload.wikimedia.org/wikipedia/en/thumb/d/d9/UEFA_Euro_1960_logo.svg/200px-UEFA_Euro_1960_logo.svg.png",NA,"SUN"
1960,4,"https://en.wikipedia.org/wiki/UEFA_Euro_1960","Czechoslovakia","Quarter-finals winner","29 May 1960","/wiki/Czechoslovakia_national_football_team","//upload.wikimedia.org/wikipedia/en/thumb/d/d9/UEFA_Euro_1960_logo.svg/200px-UEFA_Euro_1960_logo.svg.png",NA,"CSK"
1964,4,"https://en.wikipedia.org/wiki/UEFA_Euro_1964","Denmark","Quarter-final winner","18 December 1963","/wiki/Denmark_national_football_team","//upload.wikimedia.org/wikipedia/en/thumb/3/32/UEFA_Euro_1964_logo.svg/200px-UEFA_Euro_1964_logo.svg.png","0 (debut)","DNK"
1964,4,"https://en.wikipedia.org/wiki/UEFA_Euro_1964","Spain","Quarter-final winner","8 April 1964","/wiki/Spain_national_football_team","//upload.wikimedia.org/wikipedia/en/thumb/3/32/UEFA_Euro_1964_logo.svg/200px-UEFA_Euro_1964_logo.svg.png","0 (debut)","ESP"
1964,4,"https://en.wikipedia.org/wiki/UEFA_Euro_1964","Hungary","Quarter-final winner","23 May 1964","/wiki/Hungary_national_football_team","//upload.wikimedia.org/wikipedia/en/thumb/3/32/UEFA_Euro_1964_logo.svg/200px-UEFA_Euro_1964_logo.svg.png","0 (debut)","HUN"
1964,4,"https://en.wikipedia.org/wiki/UEFA_Euro_1964","Soviet Union","Quarter-final winner","27 May 1964","/wiki/Soviet_Union_national_football_team","//upload.wikimedia.org/wikipedia/en/thumb/3/32/UEFA_Euro_1964_logo.svg/200px-UEFA_Euro_1964_logo.svg.png","1 (1960)","SUN"
1968,4,"https://en.wikipedia.org/wiki/UEFA_Euro_1968","Italy","Quarter-final winner","20 April 1968","/wiki/Italy_national_football_team","//upload.wikimedia.org/wikipedia/en/thumb/4/48/UEFA_Euro_1968_logo.svg/200px-UEFA_Euro_1968_logo.svg.png","0 (debut)","ITA"
1968,4,"https://en.wikipedia.org/wiki/UEFA_Euro_1968","Yugoslavia","Quarter-final winner","24 April 1968","/wiki/Yugoslavia_national_football_team","//upload.wikimedia.org/wikipedia/en/thumb/4/48/UEFA_Euro_1968_logo.svg/200px-UEFA_Euro_1968_logo.svg.png","1 (1960)","YUG"
1968,4,"https://en.wikipedia.org/wiki/UEFA_Euro_1968","England","Quarter-final winner","8 May 1968","/wiki/England_national_football_team","//upload.wikimedia.org/wikipedia/en/thumb/4/48/UEFA_Euro_1968_logo.svg/200px-UEFA_Euro_1968_logo.svg.png","0 (debut)","GB-ENG"
1968,4,"https://en.wikipedia.org/wiki/UEFA_Euro_1968","Soviet Union","Quarter-final winner","11 May 1968","/wiki/Soviet_Union_national_football_team","//upload.wikimedia.org/wikipedia/en/thumb/4/48/UEFA_Euro_1968_logo.svg/200px-UEFA_Euro_1968_logo.svg.png","2 (1960, 1964)","SUN"
1972,4,"https://en.wikipedia.org/wiki/UEFA_Euro_1972","Belgium","Quarter-final winner","13 May 1972","/wiki/Belgium_national_football_team","//upload.wikimedia.org/wikipedia/en/thumb/e/e3/UEFA_Euro_1972_logo.svg/200px-UEFA_Euro_1972_logo.svg.png","0 (debut)","BEL"
1972,4,"https://en.wikipedia.org/wiki/UEFA_Euro_1972","Soviet Union","Quarter-final winner","13 May 1972","/wiki/Soviet_Union_national_football_team","//upload.wikimedia.org/wikipedia/en/thumb/e/e3/UEFA_Euro_1972_logo.svg/200px-UEFA_Euro_1972_logo.svg.png","3 (1960, 1964, 1968)","SUN"
1972,4,"https://en.wikipedia.org/wiki/UEFA_Euro_1972","West Germany","Quarter-final winner","13 May 1972","/wiki/Germany_national_football_team","//upload.wikimedia.org/wikipedia/en/thumb/e/e3/UEFA_Euro_1972_logo.svg/200px-UEFA_Euro_1972_logo.svg.png","0 (debut)","DEU"
1972,4,"https://en.wikipedia.org/wiki/UEFA_Euro_1972","Hungary","Quarter-final winner","17 May 1972","/wiki/Hungary_national_football_team","//upload.wikimedia.org/wikipedia/en/thumb/e/e3/UEFA_Euro_1972_logo.svg/200px-UEFA_Euro_1972_logo.svg.png","1 (1964)","HUN"
1976,4,"https://en.wikipedia.org/wiki/UEFA_Euro_1976","Czechoslovakia","Quarter-final winner","22 May 1976","/wiki/Czechoslovakia_national_football_team","//upload.wikimedia.org/wikipedia/en/thumb/7/7c/UEFA_Euro_1976_logo.svg/200px-UEFA_Euro_1976_logo.svg.png","1 (1960)","CSK"
1976,4,"https://en.wikipedia.org/wiki/UEFA_Euro_1976","Netherlands","Quarter-final winner","22 May 1976","/wiki/Netherlands_national_football_team","//upload.wikimedia.org/wikipedia/en/thumb/7/7c/UEFA_Euro_1976_logo.svg/200px-UEFA_Euro_1976_logo.svg.png","0 (debut)","NLD"
1976,4,"https://en.wikipedia.org/wiki/UEFA_Euro_1976","West Germany","Quarter-final winner","22 May 1976","/wiki/Germany_national_football_team","//upload.wikimedia.org/wikipedia/en/thumb/7/7c/UEFA_Euro_1976_logo.svg/200px-UEFA_Euro_1976_logo.svg.png","1 (1972)","DEU"
1976,4,"https://en.wikipedia.org/wiki/UEFA_Euro_1976","Yugoslavia","Quarter-final winner","22 May 1976","/wiki/Yugoslavia_national_football_team","//upload.wikimedia.org/wikipedia/en/thumb/7/7c/UEFA_Euro_1976_logo.svg/200px-UEFA_Euro_1976_logo.svg.png","2 (1960, 1968)","YUG"
1980,8,"https://en.wikipedia.org/wiki/UEFA_Euro_1980","Italy","Host","12 November 1977","/wiki/Italy_national_football_team","//upload.wikimedia.org/wikipedia/en/thumb/b/b4/UEFA_Euro_1980_logo.svg/200px-UEFA_Euro_1980_logo.svg.png","1 (1968)","ITA"
1980,8,"https://en.wikipedia.org/wiki/UEFA_Euro_1980","Greece","Group 6 winner","31 October 1979","/wiki/Greece_national_football_team","//upload.wikimedia.org/wikipedia/en/thumb/b/b4/UEFA_Euro_1980_logo.svg/200px-UEFA_Euro_1980_logo.svg.png","0 (debut)","GRC"
1980,8,"https://en.wikipedia.org/wiki/UEFA_Euro_1980","England","Group 1 winner","21 November 1979","/wiki/England_national_football_team","//upload.wikimedia.org/wikipedia/en/thumb/b/b4/UEFA_Euro_1980_logo.svg/200px-UEFA_Euro_1980_logo.svg.png","1 (1968)","GB-ENG"
1980,8,"https://en.wikipedia.org/wiki/UEFA_Euro_1980","Netherlands","Group 4 winner","21 November 1979","/wiki/Netherlands_national_football_team","//upload.wikimedia.org/wikipedia/en/thumb/b/b4/UEFA_Euro_1980_logo.svg/200px-UEFA_Euro_1980_logo.svg.png","1 (1976)","NLD"
1980,8,"https://en.wikipedia.org/wiki/UEFA_Euro_1980","Czechoslovakia","Group 5 winner","24 November 1979","/wiki/Czechoslovakia_national_football_team","//upload.wikimedia.org/wikipedia/en/thumb/b/b4/UEFA_Euro_1980_logo.svg/200px-UEFA_Euro_1980_logo.svg.png","2 (1960, 1976)","CSK"
1980,8,"https://en.wikipedia.org/wiki/UEFA_Euro_1980","Spain","Group 3 winner","9 December 1979","/wiki/Spain_national_football_team","//upload.wikimedia.org/wikipedia/en/thumb/b/b4/UEFA_Euro_1980_logo.svg/200px-UEFA_Euro_1980_logo.svg.png","1 (1964)","ESP"
1980,8,"https://en.wikipedia.org/wiki/UEFA_Euro_1980","Belgium","Group 2 winner","19 December 1979","/wiki/Belgium_national_football_team","//upload.wikimedia.org/wikipedia/en/thumb/b/b4/UEFA_Euro_1980_logo.svg/200px-UEFA_Euro_1980_logo.svg.png","1 (1972)","BEL"
1980,8,"https://en.wikipedia.org/wiki/UEFA_Euro_1980","West Germany","Group 7 winner","22 December 1979","/wiki/Germany_national_football_team","//upload.wikimedia.org/wikipedia/en/thumb/b/b4/UEFA_Euro_1980_logo.svg/200px-UEFA_Euro_1980_logo.svg.png","2 (1972, 1976)","DEU"
1984,8,"https://en.wikipedia.org/wiki/UEFA_Euro_1984","France","Host","10 December 1981","/wiki/France_national_football_team","//upload.wikimedia.org/wikipedia/en/thumb/2/21/UEFA_Euro_1984_logo.svg/200px-UEFA_Euro_1984_logo.svg.png","1 (1960)","FRA"
1984,8,"https://en.wikipedia.org/wiki/UEFA_Euro_1984","Belgium","Group 1 winner","12 October 1983","/wiki/Belgium_national_football_team","//upload.wikimedia.org/wikipedia/en/thumb/2/21/UEFA_Euro_1984_logo.svg/200px-UEFA_Euro_1984_logo.svg.png","2 (1972, 1980)","BEL"
1984,8,"https://en.wikipedia.org/wiki/UEFA_Euro_1984","Portugal","Group 2 winner","1 November 1983","/wiki/Portugal_national_football_team","//upload.wikimedia.org/wikipedia/en/thumb/2/21/UEFA_Euro_1984_logo.svg/200px-UEFA_Euro_1984_logo.svg.png","0 (debut)","PRT"
1984,8,"https://en.wikipedia.org/wiki/UEFA_Euro_1984","Denmark","Group 3 winner","16 November 1983","/wiki/Denmark_national_football_team","//upload.wikimedia.org/wikipedia/en/thumb/2/21/UEFA_Euro_1984_logo.svg/200px-UEFA_Euro_1984_logo.svg.png","1 (1964)","DNK"
1984,8,"https://en.wikipedia.org/wiki/UEFA_Euro_1984","West Germany","Group 6 winner","20 November 1983","/wiki/Germany_national_football_team","//upload.wikimedia.org/wikipedia/en/thumb/2/21/UEFA_Euro_1984_logo.svg/200px-UEFA_Euro_1984_logo.svg.png","3 (1972, 1976, 1980)","DEU"
1984,8,"https://en.wikipedia.org/wiki/UEFA_Euro_1984","Romania","Group 5 winner","30 November 1983","/wiki/Romania_national_football_team","//upload.wikimedia.org/wikipedia/en/thumb/2/21/UEFA_Euro_1984_logo.svg/200px-UEFA_Euro_1984_logo.svg.png","0 (debut)","ROU"
1984,8,"https://en.wikipedia.org/wiki/UEFA_Euro_1984","Yugoslavia","Group 4 winner","21 December 1983","/wiki/Yugoslavia_national_football_team","//upload.wikimedia.org/wikipedia/en/thumb/2/21/UEFA_Euro_1984_logo.svg/200px-UEFA_Euro_1984_logo.svg.png","3 (1960, 1968, 1976)","YUG"
1984,8,"https://en.wikipedia.org/wiki/UEFA_Euro_1984","Spain","Group 7 winner","21 December 1983","/wiki/Spain_national_football_team","//upload.wikimedia.org/wikipedia/en/thumb/2/21/UEFA_Euro_1984_logo.svg/200px-UEFA_Euro_1984_logo.svg.png","2 (1964, 1980)","ESP"
1988,8,"https://en.wikipedia.org/wiki/UEFA_Euro_1988","West Germany","Host","14 March 1985","/wiki/Germany_national_football_team","//upload.wikimedia.org/wikipedia/en/thumb/4/4a/UEFA_Euro_1988_logo.svg/200px-UEFA_Euro_1988_logo.svg.png",NA,"DEU"
1988,8,"https://en.wikipedia.org/wiki/UEFA_Euro_1988","Denmark","Group 6 winner","14 October 1987","/wiki/Denmark_national_football_team","//upload.wikimedia.org/wikipedia/en/thumb/4/4a/UEFA_Euro_1988_logo.svg/200px-UEFA_Euro_1988_logo.svg.png",NA,"DNK"
1988,8,"https://en.wikipedia.org/wiki/UEFA_Euro_1988","Soviet Union","Group 3 winner","28 October 1987","/wiki/Soviet_Union_national_football_team","//upload.wikimedia.org/wikipedia/en/thumb/4/4a/UEFA_Euro_1988_logo.svg/200px-UEFA_Euro_1988_logo.svg.png",NA,"SUN"
1988,8,"https://en.wikipedia.org/wiki/UEFA_Euro_1988","England","Group 4 winner","11 November 1987","/wiki/England_national_football_team","//upload.wikimedia.org/wikipedia/en/thumb/4/4a/UEFA_Euro_1988_logo.svg/200px-UEFA_Euro_1988_logo.svg.png",NA,"GB-ENG"
1988,8,"https://en.wikipedia.org/wiki/UEFA_Euro_1988","Republic of Ireland","Group 7 winner","11 November 1987","/wiki/Republic_of_Ireland_national_football_team","//upload.wikimedia.org/wikipedia/en/thumb/4/4a/UEFA_Euro_1988_logo.svg/200px-UEFA_Euro_1988_logo.svg.png",NA,"IRL"
1988,8,"https://en.wikipedia.org/wiki/UEFA_Euro_1988","Italy","Group 2 winner","14 November 1987","/wiki/Italy_national_football_team","//upload.wikimedia.org/wikipedia/en/thumb/4/4a/UEFA_Euro_1988_logo.svg/200px-UEFA_Euro_1988_logo.svg.png",NA,"ITA"
1988,8,"https://en.wikipedia.org/wiki/UEFA_Euro_1988","Spain","Group 1 winner","18 November 1987","/wiki/Spain_national_football_team","//upload.wikimedia.org/wikipedia/en/thumb/4/4a/UEFA_Euro_1988_logo.svg/200px-UEFA_Euro_1988_logo.svg.png",NA,"ESP"
1988,8,"https://en.wikipedia.org/wiki/UEFA_Euro_1988","Netherlands","Group 5 winner","9 December 1987","/wiki/Netherlands_national_football_team","//upload.wikimedia.org/wikipedia/en/thumb/4/4a/UEFA_Euro_1988_logo.svg/200px-UEFA_Euro_1988_logo.svg.png",NA,"NLD"
1992,8,"https://en.wikipedia.org/wiki/UEFA_Euro_1992","Sweden","Host","16 December 1988","/wiki/Sweden_men%27s_national_football_team","//upload.wikimedia.org/wikipedia/en/thumb/e/e2/UEFA_Euro_1992_logo.svg/200px-UEFA_Euro_1992_logo.svg.png","0 (debut)","SWE"
1992,8,"https://en.wikipedia.org/wiki/UEFA_Euro_1992","France","Group 1 winner","12 October 1991","/wiki/France_national_football_team","//upload.wikimedia.org/wikipedia/en/thumb/e/e2/UEFA_Euro_1992_logo.svg/200px-UEFA_Euro_1992_logo.svg.png","2 (1960, 1984)","FRA"
1992,8,"https://en.wikipedia.org/wiki/UEFA_Euro_1992","England","Group 7 winner","13 November 1991","/wiki/England_national_football_team","//upload.wikimedia.org/wikipedia/en/thumb/e/e2/UEFA_Euro_1992_logo.svg/200px-UEFA_Euro_1992_logo.svg.png","3 (1968, 1980, 1988)","GB-ENG"
1992,8,"https://en.wikipedia.org/wiki/UEFA_Euro_1992","CIS","Group 3 winner[C]","13 November 1991","/wiki/CIS_national_football_team","//upload.wikimedia.org/wikipedia/en/thumb/e/e2/UEFA_Euro_1992_logo.svg/200px-UEFA_Euro_1992_logo.svg.png","5 (1960, 1964, 1968, 1972, 1988)","CIS"
1992,8,"https://en.wikipedia.org/wiki/UEFA_Euro_1992","Scotland","Group 2 winner","13 November 1991","/wiki/Scotland_national_football_team","//upload.wikimedia.org/wikipedia/en/thumb/e/e2/UEFA_Euro_1992_logo.svg/200px-UEFA_Euro_1992_logo.svg.png","0 (debut)","GB-SCT"
1992,8,"https://en.wikipedia.org/wiki/UEFA_Euro_1992","Germany","Group 5 winner","20 November 1991","/wiki/Germany_national_football_team","//upload.wikimedia.org/wikipedia/en/thumb/e/e2/UEFA_Euro_1992_logo.svg/200px-UEFA_Euro_1992_logo.svg.png","5 (1972, 1976, 1980, 1984, 1988)","DEU"
1992,8,"https://en.wikipedia.org/wiki/UEFA_Euro_1992","Netherlands","Group 6 winner","4 December 1991","/wiki/Netherlands_national_football_team","//upload.wikimedia.org/wikipedia/en/thumb/e/e2/UEFA_Euro_1992_logo.svg/200px-UEFA_Euro_1992_logo.svg.png","3 (1976, 1980, 1988)","NLD"
1992,8,"https://en.wikipedia.org/wiki/UEFA_Euro_1992","Denmark","Group 4 runner-up[E]","31 May 1992","/wiki/Denmark_national_football_team","//upload.wikimedia.org/wikipedia/en/thumb/e/e2/UEFA_Euro_1992_logo.svg/200px-UEFA_Euro_1992_logo.svg.png","3 (1964, 1984, 1988)","DNK"
1996,16,"https://en.wikipedia.org/wiki/UEFA_Euro_1996","England","Host","5 May 1992","/wiki/England_national_football_team","//upload.wikimedia.org/wikipedia/en/thumb/7/7b/UEFA_Euro_1996_logo.svg/160px-UEFA_Euro_1996_logo.svg.png","4 (1968, 1980, 1988, 1992)","GB-ENG"
1996,16,"https://en.wikipedia.org/wiki/UEFA_Euro_1996","Spain","Group 2 winner","11 October 1995","/wiki/Spain_national_football_team","//upload.wikimedia.org/wikipedia/en/thumb/7/7b/UEFA_Euro_1996_logo.svg/160px-UEFA_Euro_1996_logo.svg.png","4 (1964, 1980, 1984, 1988)","ESP"
1996,16,"https://en.wikipedia.org/wiki/UEFA_Euro_1996","Russia","Group 8 winner","11 October 1995","/wiki/Russia_national_football_team","//upload.wikimedia.org/wikipedia/en/thumb/7/7b/UEFA_Euro_1996_logo.svg/160px-UEFA_Euro_1996_logo.svg.png","6 (1960, 1964, 1968, 1972, 1988, 1992)","RUS"
1996,16,"https://en.wikipedia.org/wiki/UEFA_Euro_1996","Switzerland","Group 3 winner","15 November 1995","/wiki/Switzerland_national_football_team","//upload.wikimedia.org/wikipedia/en/thumb/7/7b/UEFA_Euro_1996_logo.svg/160px-UEFA_Euro_1996_logo.svg.png","0 (debut)","CHE"
1996,16,"https://en.wikipedia.org/wiki/UEFA_Euro_1996","Croatia","Group 4 winner","15 November 1995","/wiki/Croatia_national_football_team","//upload.wikimedia.org/wikipedia/en/thumb/7/7b/UEFA_Euro_1996_logo.svg/160px-UEFA_Euro_1996_logo.svg.png","0 (debut)","HRV"
1996,16,"https://en.wikipedia.org/wiki/UEFA_Euro_1996","Scotland","4th best runner-up","15 November 1995","/wiki/Scotland_national_football_team","//upload.wikimedia.org/wikipedia/en/thumb/7/7b/UEFA_Euro_1996_logo.svg/160px-UEFA_Euro_1996_logo.svg.png","1 (1992)","GB-SCT"
1996,16,"https://en.wikipedia.org/wiki/UEFA_Euro_1996","Bulgaria","2nd best runner-up","15 November 1995","/wiki/Bulgaria_national_football_team","//upload.wikimedia.org/wikipedia/en/thumb/7/7b/UEFA_Euro_1996_logo.svg/160px-UEFA_Euro_1996_logo.svg.png","0 (debut)","BGR"
1996,16,"https://en.wikipedia.org/wiki/UEFA_Euro_1996","Germany","Group 7 winner","15 November 1995","/wiki/Germany_national_football_team","//upload.wikimedia.org/wikipedia/en/thumb/7/7b/UEFA_Euro_1996_logo.svg/160px-UEFA_Euro_1996_logo.svg.png","6 (1972, 1976, 1980, 1984, 1988, 1992)","DEU"
1996,16,"https://en.wikipedia.org/wiki/UEFA_Euro_1996","Romania","Group 1 winner","15 November 1995","/wiki/Romania_national_football_team","//upload.wikimedia.org/wikipedia/en/thumb/7/7b/UEFA_Euro_1996_logo.svg/160px-UEFA_Euro_1996_logo.svg.png","1 (1984)","ROU"
1996,16,"https://en.wikipedia.org/wiki/UEFA_Euro_1996","Turkey","3rd best runner-up","15 November 1995","/wiki/Turkey_national_football_team","//upload.wikimedia.org/wikipedia/en/thumb/7/7b/UEFA_Euro_1996_logo.svg/160px-UEFA_Euro_1996_logo.svg.png","0 (debut)","TUR"
1996,16,"https://en.wikipedia.org/wiki/UEFA_Euro_1996","Denmark","5th best runner-up","15 November 1995","/wiki/Denmark_national_football_team","//upload.wikimedia.org/wikipedia/en/thumb/7/7b/UEFA_Euro_1996_logo.svg/160px-UEFA_Euro_1996_logo.svg.png","4 (1964, 1984, 1988, 1992)","DNK"
1996,16,"https://en.wikipedia.org/wiki/UEFA_Euro_1996","Czech Republic","Group 5 winner","15 November 1995","/wiki/Czech_Republic_national_football_team","//upload.wikimedia.org/wikipedia/en/thumb/7/7b/UEFA_Euro_1996_logo.svg/160px-UEFA_Euro_1996_logo.svg.png","3 (1960, 1976, 1980)","CZE"
1996,16,"https://en.wikipedia.org/wiki/UEFA_Euro_1996","Italy","1st best runner-up","15 November 1995","/wiki/Italy_national_football_team","//upload.wikimedia.org/wikipedia/en/thumb/7/7b/UEFA_Euro_1996_logo.svg/160px-UEFA_Euro_1996_logo.svg.png","3 (1968, 1980, 1988)","ITA"
1996,16,"https://en.wikipedia.org/wiki/UEFA_Euro_1996","France","6th best runner-up","15 November 1995","/wiki/France_national_football_team","//upload.wikimedia.org/wikipedia/en/thumb/7/7b/UEFA_Euro_1996_logo.svg/160px-UEFA_Euro_1996_logo.svg.png","3 (1960, 1984, 1992)","FRA"
1996,16,"https://en.wikipedia.org/wiki/UEFA_Euro_1996","Portugal","Group 6 winner","15 November 1995","/wiki/Portugal_national_football_team","//upload.wikimedia.org/wikipedia/en/thumb/7/7b/UEFA_Euro_1996_logo.svg/160px-UEFA_Euro_1996_logo.svg.png","1 (1984)","PRT"
1996,16,"https://en.wikipedia.org/wiki/UEFA_Euro_1996","Netherlands","Play-off winner","13 December 1995","/wiki/Netherlands_national_football_team","//upload.wikimedia.org/wikipedia/en/thumb/7/7b/UEFA_Euro_1996_logo.svg/160px-UEFA_Euro_1996_logo.svg.png","4 (1976, 1980, 1988, 1992)","NLD"
2000,16,"https://en.wikipedia.org/wiki/UEFA_Euro_2000","Belgium","Co-host","14 July 1995","/wiki/Belgium_national_football_team","//upload.wikimedia.org/wikipedia/en/thumb/d/da/UEFA_Euro_2000_logo.svg/120px-UEFA_Euro_2000_logo.svg.png","3 (1972, 1980, 1984)","BEL"
2000,16,"https://en.wikipedia.org/wiki/UEFA_Euro_2000","Netherlands","Co-host","14 July 1995","/wiki/Netherlands_national_football_team","//upload.wikimedia.org/wikipedia/en/thumb/d/da/UEFA_Euro_2000_logo.svg/120px-UEFA_Euro_2000_logo.svg.png","5 (1976, 1980, 1988, 1992, 1996)","NLD"
2000,16,"https://en.wikipedia.org/wiki/UEFA_Euro_2000","Czech Republic","Group 9 winner","9 June 1999","/wiki/Czech_Republic_national_football_team","//upload.wikimedia.org/wikipedia/en/thumb/d/da/UEFA_Euro_2000_logo.svg/120px-UEFA_Euro_2000_logo.svg.png","4 (1960, 1976, 1980, 1996)","CZE"
2000,16,"https://en.wikipedia.org/wiki/UEFA_Euro_2000","Norway","Group 2 winner","8 September 1999","/wiki/Norway_national_football_team","//upload.wikimedia.org/wikipedia/en/thumb/d/da/UEFA_Euro_2000_logo.svg/120px-UEFA_Euro_2000_logo.svg.png","0 (debut)","NOR"
2000,16,"https://en.wikipedia.org/wiki/UEFA_Euro_2000","Sweden","Group 5 winner","8 September 1999","/wiki/Sweden_men%27s_national_football_team","//upload.wikimedia.org/wikipedia/en/thumb/d/da/UEFA_Euro_2000_logo.svg/120px-UEFA_Euro_2000_logo.svg.png","1 (1992)","SWE"
2000,16,"https://en.wikipedia.org/wiki/UEFA_Euro_2000","Spain","Group 6 winner","8 September 1999","/wiki/Spain_national_football_team","//upload.wikimedia.org/wikipedia/en/thumb/d/da/UEFA_Euro_2000_logo.svg/120px-UEFA_Euro_2000_logo.svg.png","5 (1964, 1980, 1984, 1988, 1996)","ESP"
2000,16,"https://en.wikipedia.org/wiki/UEFA_Euro_2000","Italy","Group 1 winner","9 October 1999","/wiki/Italy_national_football_team","//upload.wikimedia.org/wikipedia/en/thumb/d/da/UEFA_Euro_2000_logo.svg/120px-UEFA_Euro_2000_logo.svg.png","4 (1968, 1980, 1988, 1996)","ITA"
2000,16,"https://en.wikipedia.org/wiki/UEFA_Euro_2000","Germany","Group 3 winner","9 October 1999","/wiki/Germany_national_football_team","//upload.wikimedia.org/wikipedia/en/thumb/d/da/UEFA_Euro_2000_logo.svg/120px-UEFA_Euro_2000_logo.svg.png","7 (1972, 1976, 1980, 1984, 1988, 1992, 1996)","DEU"
2000,16,"https://en.wikipedia.org/wiki/UEFA_Euro_2000","France","Group 4 winner","9 October 1999","/wiki/France_national_football_team","//upload.wikimedia.org/wikipedia/en/thumb/d/da/UEFA_Euro_2000_logo.svg/120px-UEFA_Euro_2000_logo.svg.png","4 (1960, 1984, 1992, 1996)","FRA"
2000,16,"https://en.wikipedia.org/wiki/UEFA_Euro_2000","Romania","Group 7 winner","9 October 1999","/wiki/Romania_national_football_team","//upload.wikimedia.org/wikipedia/en/thumb/d/da/UEFA_Euro_2000_logo.svg/120px-UEFA_Euro_2000_logo.svg.png","2 (1984, 1996)","ROU"
2000,16,"https://en.wikipedia.org/wiki/UEFA_Euro_2000","Yugoslavia","Group 8 winner","9 October 1999","/wiki/Serbia_and_Montenegro_national_football_team","//upload.wikimedia.org/wikipedia/en/thumb/d/da/UEFA_Euro_2000_logo.svg/120px-UEFA_Euro_2000_logo.svg.png","4 (1960, 1968, 1976, 1984)","YUG"
2000,16,"https://en.wikipedia.org/wiki/UEFA_Euro_2000","Portugal","Best runner-up","9 October 1999","/wiki/Portugal_national_football_team","//upload.wikimedia.org/wikipedia/en/thumb/d/da/UEFA_Euro_2000_logo.svg/120px-UEFA_Euro_2000_logo.svg.png","2 (1984, 1996)","PRT"
2000,16,"https://en.wikipedia.org/wiki/UEFA_Euro_2000","Denmark","Play-off winner","17 November 1999","/wiki/Denmark_national_football_team","//upload.wikimedia.org/wikipedia/en/thumb/d/da/UEFA_Euro_2000_logo.svg/120px-UEFA_Euro_2000_logo.svg.png","5 (1964, 1984, 1988, 1992, 1996)","DNK"
2000,16,"https://en.wikipedia.org/wiki/UEFA_Euro_2000","England","Play-off winner","17 November 1999","/wiki/England_national_football_team","//upload.wikimedia.org/wikipedia/en/thumb/d/da/UEFA_Euro_2000_logo.svg/120px-UEFA_Euro_2000_logo.svg.png","5 (1968, 1980, 1988, 1992, 1996)","GB-ENG"
2000,16,"https://en.wikipedia.org/wiki/UEFA_Euro_2000","Slovenia","Play-off winner","17 November 1999","/wiki/Slovenia_national_football_team","//upload.wikimedia.org/wikipedia/en/thumb/d/da/UEFA_Euro_2000_logo.svg/120px-UEFA_Euro_2000_logo.svg.png","0 (debut)","SVN"
2000,16,"https://en.wikipedia.org/wiki/UEFA_Euro_2000","Turkey","Play-off winner","17 November 1999","/wiki/Turkey_national_football_team","//upload.wikimedia.org/wikipedia/en/thumb/d/da/UEFA_Euro_2000_logo.svg/120px-UEFA_Euro_2000_logo.svg.png","1 (1996)","TUR"
2004,16,"https://en.wikipedia.org/wiki/UEFA_Euro_2004","Portugal","Host","12 October 1999","/wiki/Portugal_national_football_team","//upload.wikimedia.org/wikipedia/en/thumb/3/39/UEFA_Euro_2004_logo.svg/200px-UEFA_Euro_2004_logo.svg.png","3 (1984, 1996, 2000)","PRT"
2004,16,"https://en.wikipedia.org/wiki/UEFA_Euro_2004","France","Group 1 winner","10 September 2003","/wiki/France_national_football_team","//upload.wikimedia.org/wikipedia/en/thumb/3/39/UEFA_Euro_2004_logo.svg/200px-UEFA_Euro_2004_logo.svg.png","5 (1960, 1984, 1992, 1996, 2000)","FRA"
2004,16,"https://en.wikipedia.org/wiki/UEFA_Euro_2004","Czech Republic","Group 3 winner","10 September 2003","/wiki/Czech_Republic_national_football_team","//upload.wikimedia.org/wikipedia/en/thumb/3/39/UEFA_Euro_2004_logo.svg/200px-UEFA_Euro_2004_logo.svg.png","5 (1960, 1976, 1980, 1996, 2000)","CZE"
2004,16,"https://en.wikipedia.org/wiki/UEFA_Euro_2004","Sweden","Group 4 winner","10 September 2003","/wiki/Sweden_men%27s_national_football_team","//upload.wikimedia.org/wikipedia/en/thumb/3/39/UEFA_Euro_2004_logo.svg/200px-UEFA_Euro_2004_logo.svg.png","2 (1992, 2000)","SWE"
2004,16,"https://en.wikipedia.org/wiki/UEFA_Euro_2004","Bulgaria","Group 8 winner","10 September 2003","/wiki/Bulgaria_national_football_team","//upload.wikimedia.org/wikipedia/en/thumb/3/39/UEFA_Euro_2004_logo.svg/200px-UEFA_Euro_2004_logo.svg.png","1 (1996)","BGR"
2004,16,"https://en.wikipedia.org/wiki/UEFA_Euro_2004","Denmark","Group 2 winner","11 October 2003","/wiki/Denmark_national_football_team","//upload.wikimedia.org/wikipedia/en/thumb/3/39/UEFA_Euro_2004_logo.svg/200px-UEFA_Euro_2004_logo.svg.png","6 (1964, 1984, 1988, 1992, 1996, 2000)","DNK"
2004,16,"https://en.wikipedia.org/wiki/UEFA_Euro_2004","Germany","Group 5 winner","11 October 2003","/wiki/Germany_national_football_team","//upload.wikimedia.org/wikipedia/en/thumb/3/39/UEFA_Euro_2004_logo.svg/200px-UEFA_Euro_2004_logo.svg.png","8 (1972, 1976, 1980, 1984, 1988, 1992, 1996, 2000)","DEU"
2004,16,"https://en.wikipedia.org/wiki/UEFA_Euro_2004","Greece","Group 6 winner","11 October 2003","/wiki/Greece_national_football_team","//upload.wikimedia.org/wikipedia/en/thumb/3/39/UEFA_Euro_2004_logo.svg/200px-UEFA_Euro_2004_logo.svg.png","1 (1980)","GRC"
2004,16,"https://en.wikipedia.org/wiki/UEFA_Euro_2004","England","Group 7 winner","11 October 2003","/wiki/England_national_football_team","//upload.wikimedia.org/wikipedia/en/thumb/3/39/UEFA_Euro_2004_logo.svg/200px-UEFA_Euro_2004_logo.svg.png","6 (1968, 1980, 1988, 1992, 1996, 2000)","GB-ENG"
2004,16,"https://en.wikipedia.org/wiki/UEFA_Euro_2004","Italy","Group 9 winner","11 October 2003","/wiki/Italy_national_football_team","//upload.wikimedia.org/wikipedia/en/thumb/3/39/UEFA_Euro_2004_logo.svg/200px-UEFA_Euro_2004_logo.svg.png","5 (1968, 1980, 1988, 1996, 2000)","ITA"
2004,16,"https://en.wikipedia.org/wiki/UEFA_Euro_2004","Switzerland","Group 10 winner","11 October 2003","/wiki/Switzerland_national_football_team","//upload.wikimedia.org/wikipedia/en/thumb/3/39/UEFA_Euro_2004_logo.svg/200px-UEFA_Euro_2004_logo.svg.png","1 (1996)","CHE"
2004,16,"https://en.wikipedia.org/wiki/UEFA_Euro_2004","Croatia","Play-off winner","19 November 2003","/wiki/Croatia_national_football_team","//upload.wikimedia.org/wikipedia/en/thumb/3/39/UEFA_Euro_2004_logo.svg/200px-UEFA_Euro_2004_logo.svg.png","1 (1996)","HRV"
2004,16,"https://en.wikipedia.org/wiki/UEFA_Euro_2004","Latvia","Play-off winner","19 November 2003","/wiki/Latvia_national_football_team","//upload.wikimedia.org/wikipedia/en/thumb/3/39/UEFA_Euro_2004_logo.svg/200px-UEFA_Euro_2004_logo.svg.png","0 (debut)","LVA"
2004,16,"https://en.wikipedia.org/wiki/UEFA_Euro_2004","Netherlands","Play-off winner","19 November 2003","/wiki/Netherlands_national_football_team","//upload.wikimedia.org/wikipedia/en/thumb/3/39/UEFA_Euro_2004_logo.svg/200px-UEFA_Euro_2004_logo.svg.png","6 (1976, 1980, 1988, 1992, 1996, 2000)","NLD"
2004,16,"https://en.wikipedia.org/wiki/UEFA_Euro_2004","Spain","Play-off winner","19 November 2003","/wiki/Spain_national_football_team","//upload.wikimedia.org/wikipedia/en/thumb/3/39/UEFA_Euro_2004_logo.svg/200px-UEFA_Euro_2004_logo.svg.png","6 (1964, 1980, 1984, 1988, 1996, 2000)","ESP"
2004,16,"https://en.wikipedia.org/wiki/UEFA_Euro_2004","Russia","Play-off winner","19 November 2003","/wiki/Russia_national_football_team","//upload.wikimedia.org/wikipedia/en/thumb/3/39/UEFA_Euro_2004_logo.svg/200px-UEFA_Euro_2004_logo.svg.png","7 (1960, 1964, 1968, 1972, 1988, 1992, 1996)","RUS"
2008,16,"https://en.wikipedia.org/wiki/UEFA_Euro_2008","Austria","Co-host","12 December 2002","/wiki/Austria_national_football_team","//upload.wikimedia.org/wikipedia/en/thumb/1/1a/UEFA_Euro_2008_Logo.svg/200px-UEFA_Euro_2008_Logo.svg.png","0 (debut)","AUT"
2008,16,"https://en.wikipedia.org/wiki/UEFA_Euro_2008","Switzerland","Co-host","12 December 2002","/wiki/Switzerland_national_football_team","//upload.wikimedia.org/wikipedia/en/thumb/1/1a/UEFA_Euro_2008_Logo.svg/200px-UEFA_Euro_2008_Logo.svg.png","2 (1996, 2004)","CHE"
2008,16,"https://en.wikipedia.org/wiki/UEFA_Euro_2008","Germany","Group D runner-up","13 October 2007","/wiki/Germany_national_football_team","//upload.wikimedia.org/wikipedia/en/thumb/1/1a/UEFA_Euro_2008_Logo.svg/200px-UEFA_Euro_2008_Logo.svg.png","9 (1972, 1976, 1980, 1984, 1988, 1992, 1996, 2000, 2004)","DEU"
2008,16,"https://en.wikipedia.org/wiki/UEFA_Euro_2008","Greece","Group C winner","17 October 2007","/wiki/Greece_national_football_team","//upload.wikimedia.org/wikipedia/en/thumb/1/1a/UEFA_Euro_2008_Logo.svg/200px-UEFA_Euro_2008_Logo.svg.png","2 (1980, 2004)","GRC"
2008,16,"https://en.wikipedia.org/wiki/UEFA_Euro_2008","Czech Republic","Group D winner","17 October 2007","/wiki/Czech_Republic_national_football_team","//upload.wikimedia.org/wikipedia/en/thumb/1/1a/UEFA_Euro_2008_Logo.svg/200px-UEFA_Euro_2008_Logo.svg.png","6 (1960, 1976, 1980, 1996, 2000, 2004)","CZE"
2008,16,"https://en.wikipedia.org/wiki/UEFA_Euro_2008","Romania","Group G winner","17 October 2007","/wiki/Romania_national_football_team","//upload.wikimedia.org/wikipedia/en/thumb/1/1a/UEFA_Euro_2008_Logo.svg/200px-UEFA_Euro_2008_Logo.svg.png","3 (1984, 1996, 2000)","ROU"
2008,16,"https://en.wikipedia.org/wiki/UEFA_Euro_2008","Poland","Group A winner","17 November 2007","/wiki/Poland_national_football_team","//upload.wikimedia.org/wikipedia/en/thumb/1/1a/UEFA_Euro_2008_Logo.svg/200px-UEFA_Euro_2008_Logo.svg.png","0 (debut)","POL"
2008,16,"https://en.wikipedia.org/wiki/UEFA_Euro_2008","Italy","Group B winner","17 November 2007","/wiki/Italy_national_football_team","//upload.wikimedia.org/wikipedia/en/thumb/1/1a/UEFA_Euro_2008_Logo.svg/200px-UEFA_Euro_2008_Logo.svg.png","6 (1968, 1980, 1988, 1996, 2000, 2004)","ITA"
2008,16,"https://en.wikipedia.org/wiki/UEFA_Euro_2008","France","Group B runner-up","17 November 2007","/wiki/France_national_football_team","//upload.wikimedia.org/wikipedia/en/thumb/1/1a/UEFA_Euro_2008_Logo.svg/200px-UEFA_Euro_2008_Logo.svg.png","6 (1960, 1984, 1992, 1996, 2000, 2004)","FRA"
2008,16,"https://en.wikipedia.org/wiki/UEFA_Euro_2008","Croatia","Group E winner","17 November 2007","/wiki/Croatia_national_football_team","//upload.wikimedia.org/wikipedia/en/thumb/1/1a/UEFA_Euro_2008_Logo.svg/200px-UEFA_Euro_2008_Logo.svg.png","2 (1996, 2004)","HRV"
2008,16,"https://en.wikipedia.org/wiki/UEFA_Euro_2008","Spain","Group F winner","17 November 2007","/wiki/Spain_national_football_team","//upload.wikimedia.org/wikipedia/en/thumb/1/1a/UEFA_Euro_2008_Logo.svg/200px-UEFA_Euro_2008_Logo.svg.png","7 (1964, 1980, 1984, 1988, 1996, 2000, 2004)","ESP"
2008,16,"https://en.wikipedia.org/wiki/UEFA_Euro_2008","Netherlands","Group G runner-up","17 November 2007","/wiki/Netherlands_national_football_team","//upload.wikimedia.org/wikipedia/en/thumb/1/1a/UEFA_Euro_2008_Logo.svg/200px-UEFA_Euro_2008_Logo.svg.png","7 (1976, 1980, 1988, 1992, 1996, 2000, 2004)","NLD"
2008,16,"https://en.wikipedia.org/wiki/UEFA_Euro_2008","Portugal","Group A runner-up","21 November 2007","/wiki/Portugal_national_football_team","//upload.wikimedia.org/wikipedia/en/thumb/1/1a/UEFA_Euro_2008_Logo.svg/200px-UEFA_Euro_2008_Logo.svg.png","4 (1984, 1996, 2000, 2004)","PRT"
2008,16,"https://en.wikipedia.org/wiki/UEFA_Euro_2008","Turkey","Group C runner-up","21 November 2007","/wiki/Turkey_national_football_team","//upload.wikimedia.org/wikipedia/en/thumb/1/1a/UEFA_Euro_2008_Logo.svg/200px-UEFA_Euro_2008_Logo.svg.png","2 (1996, 2000)","TUR"
2008,16,"https://en.wikipedia.org/wiki/UEFA_Euro_2008","Russia","Group E runner-up","21 November 2007","/wiki/Russia_national_football_team","//upload.wikimedia.org/wikipedia/en/thumb/1/1a/UEFA_Euro_2008_Logo.svg/200px-UEFA_Euro_2008_Logo.svg.png","8 (1960, 1964, 1968, 1972, 1988, 1992, 1996, 2004)","RUS"
2008,16,"https://en.wikipedia.org/wiki/UEFA_Euro_2008","Sweden","Group F runner-up","21 November 2007","/wiki/Sweden_men%27s_national_football_team","//upload.wikimedia.org/wikipedia/en/thumb/1/1a/UEFA_Euro_2008_Logo.svg/200px-UEFA_Euro_2008_Logo.svg.png","3 (1992, 2000, 2004)","SWE"
2012,16,"https://en.wikipedia.org/wiki/UEFA_Euro_2012","Poland","Co-host","18 April 2007","/wiki/Poland_national_football_team","//upload.wikimedia.org/wikipedia/en/thumb/e/e4/UEFA_Euro_2012_logo_%28artistic_version%29.svg/200px-UEFA_Euro_2012_logo_%28artistic_version%29.svg.png","1 (2008)","POL"
2012,16,"https://en.wikipedia.org/wiki/UEFA_Euro_2012","Ukraine","Co-host","18 April 2007","/wiki/Ukraine_national_football_team","//upload.wikimedia.org/wikipedia/en/thumb/e/e4/UEFA_Euro_2012_logo_%28artistic_version%29.svg/200px-UEFA_Euro_2012_logo_%28artistic_version%29.svg.png","0 (debut)","UKR"
2012,16,"https://en.wikipedia.org/wiki/UEFA_Euro_2012","Germany","Group A winner","2 September 2011","/wiki/Germany_national_football_team","//upload.wikimedia.org/wikipedia/en/thumb/e/e4/UEFA_Euro_2012_logo_%28artistic_version%29.svg/200px-UEFA_Euro_2012_logo_%28artistic_version%29.svg.png","10 (1972, 1976, 1980, 1984, 1988, 1992, 1996, 2000, 2004, 2008)","DEU"
2012,16,"https://en.wikipedia.org/wiki/UEFA_Euro_2012","Italy","Group C winner","6 September 2011","/wiki/Italy_national_football_team","//upload.wikimedia.org/wikipedia/en/thumb/e/e4/UEFA_Euro_2012_logo_%28artistic_version%29.svg/200px-UEFA_Euro_2012_logo_%28artistic_version%29.svg.png","7 (1968, 1980, 1988, 1996, 2000, 2004, 2008)","ITA"
2012,16,"https://en.wikipedia.org/wiki/UEFA_Euro_2012","Netherlands","Group E winner","6 September 2011","/wiki/Netherlands_national_football_team","//upload.wikimedia.org/wikipedia/en/thumb/e/e4/UEFA_Euro_2012_logo_%28artistic_version%29.svg/200px-UEFA_Euro_2012_logo_%28artistic_version%29.svg.png","8 (1976, 1980, 1988, 1992, 1996, 2000, 2004, 2008)","NLD"
2012,16,"https://en.wikipedia.org/wiki/UEFA_Euro_2012","Spain","Group I winner","6 September 2011","/wiki/Spain_national_football_team","//upload.wikimedia.org/wikipedia/en/thumb/e/e4/UEFA_Euro_2012_logo_%28artistic_version%29.svg/200px-UEFA_Euro_2012_logo_%28artistic_version%29.svg.png","8 (1964, 1980, 1984, 1988, 1996, 2000, 2004, 2008)","ESP"
2012,16,"https://en.wikipedia.org/wiki/UEFA_Euro_2012","England","Group G winner","7 October 2011","/wiki/England_national_football_team","//upload.wikimedia.org/wikipedia/en/thumb/e/e4/UEFA_Euro_2012_logo_%28artistic_version%29.svg/200px-UEFA_Euro_2012_logo_%28artistic_version%29.svg.png","7 (1968, 1980, 1988, 1992, 1996, 2000, 2004)","GB-ENG"
2012,16,"https://en.wikipedia.org/wiki/UEFA_Euro_2012","Russia","Group B winner","11 October 2011","/wiki/Russia_national_football_team","//upload.wikimedia.org/wikipedia/en/thumb/e/e4/UEFA_Euro_2012_logo_%28artistic_version%29.svg/200px-UEFA_Euro_2012_logo_%28artistic_version%29.svg.png","9 (1960, 1964, 1968, 1972, 1988, 1992, 1996, 2004, 2008)","RUS"
2012,16,"https://en.wikipedia.org/wiki/UEFA_Euro_2012","France","Group D winner","11 October 2011","/wiki/France_national_football_team","//upload.wikimedia.org/wikipedia/en/thumb/e/e4/UEFA_Euro_2012_logo_%28artistic_version%29.svg/200px-UEFA_Euro_2012_logo_%28artistic_version%29.svg.png","7 (1960, 1984, 1992, 1996, 2000, 2004, 2008)","FRA"
2012,16,"https://en.wikipedia.org/wiki/UEFA_Euro_2012","Greece","Group F winner","11 October 2011","/wiki/Greece_national_football_team","//upload.wikimedia.org/wikipedia/en/thumb/e/e4/UEFA_Euro_2012_logo_%28artistic_version%29.svg/200px-UEFA_Euro_2012_logo_%28artistic_version%29.svg.png","3 (1980, 2004, 2008)","GRC"
2012,16,"https://en.wikipedia.org/wiki/UEFA_Euro_2012","Denmark","Group H winner","11 October 2011","/wiki/Denmark_national_football_team","//upload.wikimedia.org/wikipedia/en/thumb/e/e4/UEFA_Euro_2012_logo_%28artistic_version%29.svg/200px-UEFA_Euro_2012_logo_%28artistic_version%29.svg.png","7 (1964, 1984, 1988, 1992, 1996, 2000, 2004)","DNK"
2012,16,"https://en.wikipedia.org/wiki/UEFA_Euro_2012","Sweden","Best runner-up","11 October 2011","/wiki/Sweden_men%27s_national_football_team","//upload.wikimedia.org/wikipedia/en/thumb/e/e4/UEFA_Euro_2012_logo_%28artistic_version%29.svg/200px-UEFA_Euro_2012_logo_%28artistic_version%29.svg.png","4 (1992, 2000, 2004, 2008)","SWE"
2012,16,"https://en.wikipedia.org/wiki/UEFA_Euro_2012","Croatia","Play-off winner","15 November 2011","/wiki/Croatia_national_football_team","//upload.wikimedia.org/wikipedia/en/thumb/e/e4/UEFA_Euro_2012_logo_%28artistic_version%29.svg/200px-UEFA_Euro_2012_logo_%28artistic_version%29.svg.png","3 (1996, 2004, 2008)","HRV"
2012,16,"https://en.wikipedia.org/wiki/UEFA_Euro_2012","Czech Republic","Play-off winner","15 November 2011","/wiki/Czech_Republic_national_football_team","//upload.wikimedia.org/wikipedia/en/thumb/e/e4/UEFA_Euro_2012_logo_%28artistic_version%29.svg/200px-UEFA_Euro_2012_logo_%28artistic_version%29.svg.png","7 (1960, 1976, 1980, 1996, 2000, 2004, 2008)","CZE"
2012,16,"https://en.wikipedia.org/wiki/UEFA_Euro_2012","Portugal","Play-off winner","15 November 2011","/wiki/Portugal_national_football_team","//upload.wikimedia.org/wikipedia/en/thumb/e/e4/UEFA_Euro_2012_logo_%28artistic_version%29.svg/200px-UEFA_Euro_2012_logo_%28artistic_version%29.svg.png","5 (1984, 1996, 2000, 2004, 2008)","PRT"
2012,16,"https://en.wikipedia.org/wiki/UEFA_Euro_2012","Republic of Ireland","Play-off winner","15 November 2011","/wiki/Republic_of_Ireland_national_football_team","//upload.wikimedia.org/wikipedia/en/thumb/e/e4/UEFA_Euro_2012_logo_%28artistic_version%29.svg/200px-UEFA_Euro_2012_logo_%28artistic_version%29.svg.png","1 (1988)","IRL"
2016,24,"https://en.wikipedia.org/wiki/UEFA_Euro_2016","France","Host","28 May 2010","/wiki/France_national_football_team","//upload.wikimedia.org/wikipedia/en/thumb/f/f1/UEFA_Euro_2016_Logo.svg/220px-UEFA_Euro_2016_Logo.svg.png","8 (1960, 1984, 1992, 1996, 2000, 2004, 2008, 2012)","FRA"
2016,24,"https://en.wikipedia.org/wiki/UEFA_Euro_2016","England","Group E winner","5 September 2015","/wiki/England_national_football_team","//upload.wikimedia.org/wikipedia/en/thumb/f/f1/UEFA_Euro_2016_Logo.svg/220px-UEFA_Euro_2016_Logo.svg.png","8 (1968, 1980, 1988, 1992, 1996, 2000, 2004, 2012)","GB-ENG"
2016,24,"https://en.wikipedia.org/wiki/UEFA_Euro_2016","Czech Republic","Group A winner","6 September 2015","/wiki/Czech_Republic_national_football_team","//upload.wikimedia.org/wikipedia/en/thumb/f/f1/UEFA_Euro_2016_Logo.svg/220px-UEFA_Euro_2016_Logo.svg.png","8 (1960, 1976, 1980, 1996, 2000, 2004, 2008, 2012)","CZE"
2016,24,"https://en.wikipedia.org/wiki/UEFA_Euro_2016","Iceland","Group A runner-up","6 September 2015","/wiki/Iceland_national_football_team","//upload.wikimedia.org/wikipedia/en/thumb/f/f1/UEFA_Euro_2016_Logo.svg/220px-UEFA_Euro_2016_Logo.svg.png","0 (debut)","ISL"
2016,24,"https://en.wikipedia.org/wiki/UEFA_Euro_2016","Austria","Group G winner","8 September 2015","/wiki/Austria_national_football_team","//upload.wikimedia.org/wikipedia/en/thumb/f/f1/UEFA_Euro_2016_Logo.svg/220px-UEFA_Euro_2016_Logo.svg.png","1 (2008)","AUT"
2016,24,"https://en.wikipedia.org/wiki/UEFA_Euro_2016","Northern Ireland","Group F winner","8 October 2015","/wiki/Northern_Ireland_national_football_team","//upload.wikimedia.org/wikipedia/en/thumb/f/f1/UEFA_Euro_2016_Logo.svg/220px-UEFA_Euro_2016_Logo.svg.png","0 (debut)","GB-NIR"
2016,24,"https://en.wikipedia.org/wiki/UEFA_Euro_2016","Portugal","Group I winner","8 October 2015","/wiki/Portugal_national_football_team","//upload.wikimedia.org/wikipedia/en/thumb/f/f1/UEFA_Euro_2016_Logo.svg/220px-UEFA_Euro_2016_Logo.svg.png","6 (1984, 1996, 2000, 2004, 2008, 2012)","PRT"
2016,24,"https://en.wikipedia.org/wiki/UEFA_Euro_2016","Spain","Group C winner","9 October 2015","/wiki/Spain_national_football_team","//upload.wikimedia.org/wikipedia/en/thumb/f/f1/UEFA_Euro_2016_Logo.svg/220px-UEFA_Euro_2016_Logo.svg.png","9 (1964, 1980, 1984, 1988, 1996, 2000, 2004, 2008, 2012)","ESP"
2016,24,"https://en.wikipedia.org/wiki/UEFA_Euro_2016","Switzerland","Group E runner-up","9 October 2015","/wiki/Switzerland_national_football_team","//upload.wikimedia.org/wikipedia/en/thumb/f/f1/UEFA_Euro_2016_Logo.svg/220px-UEFA_Euro_2016_Logo.svg.png","3 (1996, 2004, 2008)","CHE"
2016,24,"https://en.wikipedia.org/wiki/UEFA_Euro_2016","Italy","Group H winner","10 October 2015","/wiki/Italy_national_football_team","//upload.wikimedia.org/wikipedia/en/thumb/f/f1/UEFA_Euro_2016_Logo.svg/220px-UEFA_Euro_2016_Logo.svg.png","8 (1968, 1980, 1988, 1996, 2000, 2004, 2008, 2012)","ITA"
2016,24,"https://en.wikipedia.org/wiki/UEFA_Euro_2016","Belgium","Group B winner","10 October 2015","/wiki/Belgium_national_football_team","//upload.wikimedia.org/wikipedia/en/thumb/f/f1/UEFA_Euro_2016_Logo.svg/220px-UEFA_Euro_2016_Logo.svg.png","4 (1972, 1980, 1984, 2000)","BEL"
2016,24,"https://en.wikipedia.org/wiki/UEFA_Euro_2016","Wales","Group B runner-up","10 October 2015","/wiki/Wales_national_football_team","//upload.wikimedia.org/wikipedia/en/thumb/f/f1/UEFA_Euro_2016_Logo.svg/220px-UEFA_Euro_2016_Logo.svg.png","0 (debut)","GB-WLS"
2016,24,"https://en.wikipedia.org/wiki/UEFA_Euro_2016","Romania","Group F runner-up","11 October 2015","/wiki/Romania_national_football_team","//upload.wikimedia.org/wikipedia/en/thumb/f/f1/UEFA_Euro_2016_Logo.svg/220px-UEFA_Euro_2016_Logo.svg.png","4 (1984, 1996, 2000, 2008)","ROU"
2016,24,"https://en.wikipedia.org/wiki/UEFA_Euro_2016","Albania","Group I runner-up","11 October 2015","/wiki/Albania_national_football_team","//upload.wikimedia.org/wikipedia/en/thumb/f/f1/UEFA_Euro_2016_Logo.svg/220px-UEFA_Euro_2016_Logo.svg.png","0 (debut)","ALB"
2016,24,"https://en.wikipedia.org/wiki/UEFA_Euro_2016","Germany","Group D winner","11 October 2015","/wiki/Germany_national_football_team","//upload.wikimedia.org/wikipedia/en/thumb/f/f1/UEFA_Euro_2016_Logo.svg/220px-UEFA_Euro_2016_Logo.svg.png","11 (1972, 1976, 1980, 1984, 1988, 1992, 1996, 2000, 2004, 2008, 2012)","DEU"
2016,24,"https://en.wikipedia.org/wiki/UEFA_Euro_2016","Poland","Group D runner-up","11 October 2015","/wiki/Poland_national_football_team","//upload.wikimedia.org/wikipedia/en/thumb/f/f1/UEFA_Euro_2016_Logo.svg/220px-UEFA_Euro_2016_Logo.svg.png","2 (2008, 2012)","POL"
2016,24,"https://en.wikipedia.org/wiki/UEFA_Euro_2016","Russia","Group G runner-up","12 October 2015","/wiki/Russia_national_football_team","//upload.wikimedia.org/wikipedia/en/thumb/f/f1/UEFA_Euro_2016_Logo.svg/220px-UEFA_Euro_2016_Logo.svg.png","10 (1960, 1964, 1968, 1972, 1988, 1992, 1996, 2004, 2008, 2012)","RUS"
2016,24,"https://en.wikipedia.org/wiki/UEFA_Euro_2016","Slovakia","Group C runner-up","12 October 2015","/wiki/Slovakia_national_football_team","//upload.wikimedia.org/wikipedia/en/thumb/f/f1/UEFA_Euro_2016_Logo.svg/220px-UEFA_Euro_2016_Logo.svg.png","3 (1960, 1976, 1980)","SVK"
2016,24,"https://en.wikipedia.org/wiki/UEFA_Euro_2016","Croatia","Group H runner-up","13 October 2015","/wiki/Croatia_national_football_team","//upload.wikimedia.org/wikipedia/en/thumb/f/f1/UEFA_Euro_2016_Logo.svg/220px-UEFA_Euro_2016_Logo.svg.png","4 (1996, 2004, 2008, 2012)","HRV"
2016,24,"https://en.wikipedia.org/wiki/UEFA_Euro_2016","Turkey","Best third-placed team","13 October 2015","/wiki/Turkey_national_football_team","//upload.wikimedia.org/wikipedia/en/thumb/f/f1/UEFA_Euro_2016_Logo.svg/220px-UEFA_Euro_2016_Logo.svg.png","3 (1996, 2000, 2008)","TUR"
2016,24,"https://en.wikipedia.org/wiki/UEFA_Euro_2016","Hungary","Play-off winner","15 November 2015","/wiki/Hungary_national_football_team","//upload.wikimedia.org/wikipedia/en/thumb/f/f1/UEFA_Euro_2016_Logo.svg/220px-UEFA_Euro_2016_Logo.svg.png","2 (1964, 1972)","HUN"
2016,24,"https://en.wikipedia.org/wiki/UEFA_Euro_2016","Republic of Ireland","Play-off winner","16 November 2015","/wiki/Republic_of_Ireland_national_football_team","//upload.wikimedia.org/wikipedia/en/thumb/f/f1/UEFA_Euro_2016_Logo.svg/220px-UEFA_Euro_2016_Logo.svg.png","2 (1988, 2012)","IRL"
2016,24,"https://en.wikipedia.org/wiki/UEFA_Euro_2016","Sweden","Play-off winner","17 November 2015","/wiki/Sweden_men%27s_national_football_team","//upload.wikimedia.org/wikipedia/en/thumb/f/f1/UEFA_Euro_2016_Logo.svg/220px-UEFA_Euro_2016_Logo.svg.png","5 (1992, 2000, 2004, 2008, 2012)","SWE"
2016,24,"https://en.wikipedia.org/wiki/UEFA_Euro_2016","Ukraine","Play-off winner","17 November 2015","/wiki/Ukraine_national_football_team","//upload.wikimedia.org/wikipedia/en/thumb/f/f1/UEFA_Euro_2016_Logo.svg/220px-UEFA_Euro_2016_Logo.svg.png","1 (2012)","UKR"
2020,24,"https://en.wikipedia.org/wiki/UEFA_Euro_2020","Belgium","Group I winner","10 October 2019","/wiki/Belgium_national_football_team","//upload.wikimedia.org/wikipedia/en/thumb/9/96/UEFA_Euro_2020_Logo.svg/220px-UEFA_Euro_2020_Logo.svg.png","5 (1972, 1980, 1984, 2000, 2016)","BEL"
2020,24,"https://en.wikipedia.org/wiki/UEFA_Euro_2020","Italy","Group J winner","12 October 2019","/wiki/Italy_national_football_team","//upload.wikimedia.org/wikipedia/en/thumb/9/96/UEFA_Euro_2020_Logo.svg/220px-UEFA_Euro_2020_Logo.svg.png","9 (1968, 1980, 1988, 1996, 2000, 2004, 2008, 2012, 2016)","ITA"
2020,24,"https://en.wikipedia.org/wiki/UEFA_Euro_2020","Russia","Group I runner-up","13 October 2019","/wiki/Russia_national_football_team","//upload.wikimedia.org/wikipedia/en/thumb/9/96/UEFA_Euro_2020_Logo.svg/220px-UEFA_Euro_2020_Logo.svg.png","11 (1960, 1964, 1968, 1972, 1988, 1992, 1996, 2004, 2008, 2012, 2016)","RUS"
2020,24,"https://en.wikipedia.org/wiki/UEFA_Euro_2020","Poland","Group G winner","13 October 2019","/wiki/Poland_national_football_team","//upload.wikimedia.org/wikipedia/en/thumb/9/96/UEFA_Euro_2020_Logo.svg/220px-UEFA_Euro_2020_Logo.svg.png","3 (2008, 2012, 2016)","POL"
2020,24,"https://en.wikipedia.org/wiki/UEFA_Euro_2020","Ukraine","Group B winner","14 October 2019","/wiki/Ukraine_national_football_team","//upload.wikimedia.org/wikipedia/en/thumb/9/96/UEFA_Euro_2020_Logo.svg/220px-UEFA_Euro_2020_Logo.svg.png","2 (2012, 2016)","UKR"
2020,24,"https://en.wikipedia.org/wiki/UEFA_Euro_2020","Spain","Group F winner","15 October 2019","/wiki/Spain_national_football_team","//upload.wikimedia.org/wikipedia/en/thumb/9/96/UEFA_Euro_2020_Logo.svg/220px-UEFA_Euro_2020_Logo.svg.png","10 (1964, 1980, 1984, 1988, 1996, 2000, 2004, 2008, 2012, 2016)","ESP"
2020,24,"https://en.wikipedia.org/wiki/UEFA_Euro_2020","France","Group H winner","14 November 2019","/wiki/France_national_football_team","//upload.wikimedia.org/wikipedia/en/thumb/9/96/UEFA_Euro_2020_Logo.svg/220px-UEFA_Euro_2020_Logo.svg.png","9 (1960, 1984, 1992, 1996, 2000, 2004, 2008, 2012, 2016)","FRA"
2020,24,"https://en.wikipedia.org/wiki/UEFA_Euro_2020","Turkey","Group H runner-up","14 November 2019","/wiki/Turkey_national_football_team","//upload.wikimedia.org/wikipedia/en/thumb/9/96/UEFA_Euro_2020_Logo.svg/220px-UEFA_Euro_2020_Logo.svg.png","4 (1996, 2000, 2008, 2016)","TUR"
2020,24,"https://en.wikipedia.org/wiki/UEFA_Euro_2020","England","Group A winner","14 November 2019","/wiki/England_national_football_team","//upload.wikimedia.org/wikipedia/en/thumb/9/96/UEFA_Euro_2020_Logo.svg/220px-UEFA_Euro_2020_Logo.svg.png","9 (1968, 1980, 1988, 1992, 1996, 2000, 2004, 2012, 2016)","GB-ENG"
2020,24,"https://en.wikipedia.org/wiki/UEFA_Euro_2020","Czech Republic","Group A runner-up","14 November 2019","/wiki/Czech_Republic_national_football_team","//upload.wikimedia.org/wikipedia/en/thumb/9/96/UEFA_Euro_2020_Logo.svg/220px-UEFA_Euro_2020_Logo.svg.png","9 (1960, 1976, 1980, 1996, 2000, 2004, 2008, 2012, 2016)","CZE"
2020,24,"https://en.wikipedia.org/wiki/UEFA_Euro_2020","Finland","Group J runner-up","15 November 2019","/wiki/Finland_national_football_team","//upload.wikimedia.org/wikipedia/en/thumb/9/96/UEFA_Euro_2020_Logo.svg/220px-UEFA_Euro_2020_Logo.svg.png","0 (debut)","FIN"
2020,24,"https://en.wikipedia.org/wiki/UEFA_Euro_2020","Sweden","Group F runner-up","15 November 2019","/wiki/Sweden_men%27s_national_football_team","//upload.wikimedia.org/wikipedia/en/thumb/9/96/UEFA_Euro_2020_Logo.svg/220px-UEFA_Euro_2020_Logo.svg.png","6 (1992, 2000, 2004, 2008, 2012, 2016)","SWE"
2020,24,"https://en.wikipedia.org/wiki/UEFA_Euro_2020","Croatia","Group E winner","16 November 2019","/wiki/Croatia_national_football_team","//upload.wikimedia.org/wikipedia/en/thumb/9/96/UEFA_Euro_2020_Logo.svg/220px-UEFA_Euro_2020_Logo.svg.png","5 (1996, 2004, 2008, 2012, 2016)","HRV"
2020,24,"https://en.wikipedia.org/wiki/UEFA_Euro_2020","Austria","Group G runner-up","16 November 2019","/wiki/Austria_national_football_team","//upload.wikimedia.org/wikipedia/en/thumb/9/96/UEFA_Euro_2020_Logo.svg/220px-UEFA_Euro_2020_Logo.svg.png","2 (2008, 2016)","AUT"
2020,24,"https://en.wikipedia.org/wiki/UEFA_Euro_2020","Netherlands","Group C runner-up","16 November 2019","/wiki/Netherlands_national_football_team","//upload.wikimedia.org/wikipedia/en/thumb/9/96/UEFA_Euro_2020_Logo.svg/220px-UEFA_Euro_2020_Logo.svg.png","9 (1976, 1980, 1988, 1992, 1996, 2000, 2004, 2008, 2012)","NLD"
2020,24,"https://en.wikipedia.org/wiki/UEFA_Euro_2020","Germany","Group C winner","16 November 2019","/wiki/Germany_national_football_team","//upload.wikimedia.org/wikipedia/en/thumb/9/96/UEFA_Euro_2020_Logo.svg/220px-UEFA_Euro_2020_Logo.svg.png","12 (1972, 1976, 1980, 1984, 1988, 1992, 1996, 2000, 2004, 2008, 2012, 2016)","DEU"
2020,24,"https://en.wikipedia.org/wiki/UEFA_Euro_2020","Portugal","Group B runner-up","17 November 2019","/wiki/Portugal_national_football_team","//upload.wikimedia.org/wikipedia/en/thumb/9/96/UEFA_Euro_2020_Logo.svg/220px-UEFA_Euro_2020_Logo.svg.png","7 (1984, 1996, 2000, 2004, 2008, 2012, 2016)","PRT"
2020,24,"https://en.wikipedia.org/wiki/UEFA_Euro_2020","Switzerland","Group D winner","18 November 2019","/wiki/Switzerland_national_football_team","//upload.wikimedia.org/wikipedia/en/thumb/9/96/UEFA_Euro_2020_Logo.svg/220px-UEFA_Euro_2020_Logo.svg.png","4 (1996, 2004, 2008, 2016)","CHE"
2020,24,"https://en.wikipedia.org/wiki/UEFA_Euro_2020","Denmark","Group D runner-up","18 November 2019","/wiki/Denmark_national_football_team","//upload.wikimedia.org/wikipedia/en/thumb/9/96/UEFA_Euro_2020_Logo.svg/220px-UEFA_Euro_2020_Logo.svg.png","8 (1964, 1984, 1988, 1992, 1996, 2000, 2004, 2012)","DNK"
2020,24,"https://en.wikipedia.org/wiki/UEFA_Euro_2020","Wales","Group E runner-up","19 November 2019","/wiki/Wales_national_football_team","//upload.wikimedia.org/wikipedia/en/thumb/9/96/UEFA_Euro_2020_Logo.svg/220px-UEFA_Euro_2020_Logo.svg.png","1 (2016)","GB-WLS"
2020,24,"https://en.wikipedia.org/wiki/UEFA_Euro_2020","North Macedonia","Play-off Path D winner","12 November 2020","/wiki/North_Macedonia_national_football_team","//upload.wikimedia.org/wikipedia/en/thumb/9/96/UEFA_Euro_2020_Logo.svg/220px-UEFA_Euro_2020_Logo.svg.png","0 (debut)","MKD"
2020,24,"https://en.wikipedia.org/wiki/UEFA_Euro_2020","Hungary","Play-off Path A winner","12 November 2020","/wiki/Hungary_national_football_team","//upload.wikimedia.org/wikipedia/en/thumb/9/96/UEFA_Euro_2020_Logo.svg/220px-UEFA_Euro_2020_Logo.svg.png","3 (1964, 1972, 2016)","HUN"
2020,24,"https://en.wikipedia.org/wiki/UEFA_Euro_2020","Slovakia","Play-off Path B winner","12 November 2020","/wiki/Slovakia_national_football_team","//upload.wikimedia.org/wikipedia/en/thumb/9/96/UEFA_Euro_2020_Logo.svg/220px-UEFA_Euro_2020_Logo.svg.png","4 (1960, 1976, 1980, 2016)","SVK"
2020,24,"https://en.wikipedia.org/wiki/UEFA_Euro_2020","Scotland","Play-off Path C winner","12 November 2020","/wiki/Scotland_national_football_team","//upload.wikimedia.org/wikipedia/en/thumb/9/96/UEFA_Euro_2020_Logo.svg/220px-UEFA_Euro_2020_Logo.svg.png","2 (1992, 1996)","GB-SCT"
2024,24,"https://en.wikipedia.org/wiki/UEFA_Euro_2024","Germany","Host","27 September 2018","/wiki/Germany_national_football_team","//upload.wikimedia.org/wikipedia/en/thumb/2/26/UEFA_Euro_2024_Logo.svg/220px-UEFA_Euro_2024_Logo.svg.png","13 (1972, 1976, 1980, 1984, 1988, 1992, 1996, 2000, 2004, 2008, 2012, 2016, 2020)","DEU"
2024,24,"https://en.wikipedia.org/wiki/UEFA_Euro_2024","Belgium","Group F winner","13 October 2023","/wiki/Belgium_national_football_team","//upload.wikimedia.org/wikipedia/en/thumb/2/26/UEFA_Euro_2024_Logo.svg/220px-UEFA_Euro_2024_Logo.svg.png","6 (1972, 1980, 1984, 2000, 2016, 2020)","BEL"
2024,24,"https://en.wikipedia.org/wiki/UEFA_Euro_2024","France","Group B winner","13 October 2023","/wiki/France_national_football_team","//upload.wikimedia.org/wikipedia/en/thumb/2/26/UEFA_Euro_2024_Logo.svg/220px-UEFA_Euro_2024_Logo.svg.png","10 (1960, 1984, 1992, 1996, 2000, 2004, 2008, 2012, 2016, 2020)","FRA"
2024,24,"https://en.wikipedia.org/wiki/UEFA_Euro_2024","Portugal","Group J winner","13 October 2023","/wiki/Portugal_national_football_team","//upload.wikimedia.org/wikipedia/en/thumb/2/26/UEFA_Euro_2024_Logo.svg/220px-UEFA_Euro_2024_Logo.svg.png","8 (1984, 1996, 2000, 2004, 2008, 2012, 2016, 2020)","PRT"
2024,24,"https://en.wikipedia.org/wiki/UEFA_Euro_2024","Scotland","Group A runner-up","15 October 2023","/wiki/Scotland_national_football_team","//upload.wikimedia.org/wikipedia/en/thumb/2/26/UEFA_Euro_2024_Logo.svg/220px-UEFA_Euro_2024_Logo.svg.png","3 (1992, 1996, 2020)","GB-SCT"
2024,24,"https://en.wikipedia.org/wiki/UEFA_Euro_2024","Spain","Group A winner","15 October 2023","/wiki/Spain_national_football_team","//upload.wikimedia.org/wikipedia/en/thumb/2/26/UEFA_Euro_2024_Logo.svg/220px-UEFA_Euro_2024_Logo.svg.png","11 (1964, 1980, 1984, 1988, 1996, 2000, 2004, 2008, 2012, 2016, 2020)","ESP"
2024,24,"https://en.wikipedia.org/wiki/UEFA_Euro_2024","Turkey","Group D winner","15 October 2023","/wiki/Turkey_national_football_team","//upload.wikimedia.org/wikipedia/en/thumb/2/26/UEFA_Euro_2024_Logo.svg/220px-UEFA_Euro_2024_Logo.svg.png","5 (1996, 2000, 2008, 2016, 2020)","TUR"
2024,24,"https://en.wikipedia.org/wiki/UEFA_Euro_2024","Austria","Group F runner-up","16 October 2023","/wiki/Austria_national_football_team","//upload.wikimedia.org/wikipedia/en/thumb/2/26/UEFA_Euro_2024_Logo.svg/220px-UEFA_Euro_2024_Logo.svg.png","3 (2008, 2016, 2020)","AUT"
2024,24,"https://en.wikipedia.org/wiki/UEFA_Euro_2024","England","Group C winner","17 October 2023","/wiki/England_national_football_team","//upload.wikimedia.org/wikipedia/en/thumb/2/26/UEFA_Euro_2024_Logo.svg/220px-UEFA_Euro_2024_Logo.svg.png","10 (1968, 1980, 1988, 1992, 1996, 2000, 2004, 2012, 2016, 2020)","GB-ENG"
2024,24,"https://en.wikipedia.org/wiki/UEFA_Euro_2024","Hungary","Group G winner","16 November 2023","/wiki/Hungary_national_football_team","//upload.wikimedia.org/wikipedia/en/thumb/2/26/UEFA_Euro_2024_Logo.svg/220px-UEFA_Euro_2024_Logo.svg.png","4 (1964, 1972, 2016, 2020)","HUN"
2024,24,"https://en.wikipedia.org/wiki/UEFA_Euro_2024","Slovakia","Group J runner-up","16 November 2023","/wiki/Slovakia_national_football_team","//upload.wikimedia.org/wikipedia/en/thumb/2/26/UEFA_Euro_2024_Logo.svg/220px-UEFA_Euro_2024_Logo.svg.png","5 (1960, 1976, 1980, 2016, 2020)","SVK"
2024,24,"https://en.wikipedia.org/wiki/UEFA_Euro_2024","Albania","Group E winner","17 November 2023","/wiki/Albania_national_football_team","//upload.wikimedia.org/wikipedia/en/thumb/2/26/UEFA_Euro_2024_Logo.svg/220px-UEFA_Euro_2024_Logo.svg.png","1 (2016)","ALB"
2024,24,"https://en.wikipedia.org/wiki/UEFA_Euro_2024","Denmark","Group H winner","17 November 2023","/wiki/Denmark_national_football_team","//upload.wikimedia.org/wikipedia/en/thumb/2/26/UEFA_Euro_2024_Logo.svg/220px-UEFA_Euro_2024_Logo.svg.png","9 (1964, 1984, 1988, 1992, 1996, 2000, 2004, 2012, 2020)","DNK"
2024,24,"https://en.wikipedia.org/wiki/UEFA_Euro_2024","Netherlands","Group B runner-up","18 November 2023","/wiki/Netherlands_national_football_team","//upload.wikimedia.org/wikipedia/en/thumb/2/26/UEFA_Euro_2024_Logo.svg/220px-UEFA_Euro_2024_Logo.svg.png","10 (1976, 1980, 1988, 1992, 1996, 2000, 2004, 2008, 2012, 2020)","NLD"
2024,24,"https://en.wikipedia.org/wiki/UEFA_Euro_2024","Romania","Group I winner","18 November 2023","/wiki/Romania_national_football_team","//upload.wikimedia.org/wikipedia/en/thumb/2/26/UEFA_Euro_2024_Logo.svg/220px-UEFA_Euro_2024_Logo.svg.png","5 (1984, 1996, 2000, 2008, 2016)","ROU"
2024,24,"https://en.wikipedia.org/wiki/UEFA_Euro_2024","Switzerland","Group I runner-up","18 November 2023","/wiki/Switzerland_national_football_team","//upload.wikimedia.org/wikipedia/en/thumb/2/26/UEFA_Euro_2024_Logo.svg/220px-UEFA_Euro_2024_Logo.svg.png","5 (1996, 2004, 2008, 2016, 2020)","CHE"
2024,24,"https://en.wikipedia.org/wiki/UEFA_Euro_2024","Serbia","Group G runner-up","19 November 2023","/wiki/Serbia_national_football_team","//upload.wikimedia.org/wikipedia/en/thumb/2/26/UEFA_Euro_2024_Logo.svg/220px-UEFA_Euro_2024_Logo.svg.png","5 (1960, 1968, 1976, 1984, 2000)[E]","SRB"
2024,24,"https://en.wikipedia.org/wiki/UEFA_Euro_2024","Czech Republic","Group E runner-up","20 November 2023","/wiki/Czech_Republic_national_football_team","//upload.wikimedia.org/wikipedia/en/thumb/2/26/UEFA_Euro_2024_Logo.svg/220px-UEFA_Euro_2024_Logo.svg.png","10 (1960, 1976, 1980, 1996, 2000, 2004, 2008, 2012, 2016, 2020)","CZE"
2024,24,"https://en.wikipedia.org/wiki/UEFA_Euro_2024","Italy","Group C runner-up","20 November 2023","/wiki/Italy_national_football_team","//upload.wikimedia.org/wikipedia/en/thumb/2/26/UEFA_Euro_2024_Logo.svg/220px-UEFA_Euro_2024_Logo.svg.png","10 (1968, 1980, 1988, 1996, 2000, 2004, 2008, 2012, 2016, 2020)","ITA"
2024,24,"https://en.wikipedia.org/wiki/UEFA_Euro_2024","Slovenia","Group H runner-up","20 November 2023","/wiki/Slovenia_national_football_team","//upload.wikimedia.org/wikipedia/en/thumb/2/26/UEFA_Euro_2024_Logo.svg/220px-UEFA_Euro_2024_Logo.svg.png","1 (2000)","SVN"
2024,24,"https://en.wikipedia.org/wiki/UEFA_Euro_2024","Croatia","Group D runner-up","21 November 2023","/wiki/Croatia_national_football_team","//upload.wikimedia.org/wikipedia/en/thumb/2/26/UEFA_Euro_2024_Logo.svg/220px-UEFA_Euro_2024_Logo.svg.png","6 (1996, 2004, 2008, 2012, 2016, 2020)","HRV"
2024,24,"https://en.wikipedia.org/wiki/UEFA_Euro_2024","Georgia","Play-off Path C winner","26 March 2024","/wiki/Georgia_national_football_team","//upload.wikimedia.org/wikipedia/en/thumb/2/26/UEFA_Euro_2024_Logo.svg/220px-UEFA_Euro_2024_Logo.svg.png","0 (debut)","GEO"
2024,24,"https://en.wikipedia.org/wiki/UEFA_Euro_2024","Ukraine","Play-off Path B winner","26 March 2024","/wiki/Ukraine_national_football_team","//upload.wikimedia.org/wikipedia/en/thumb/2/26/UEFA_Euro_2024_Logo.svg/220px-UEFA_Euro_2024_Logo.svg.png","3 (2012, 2016, 2020)","UKR"
2024,24,"https://en.wikipedia.org/wiki/UEFA_Euro_2024","Poland","Play-off Path A winner","26 March 2024","/wiki/Poland_national_football_team","//upload.wikimedia.org/wikipedia/en/thumb/2/26/UEFA_Euro_2024_Logo.svg/220px-UEFA_Euro_2024_Logo.svg.png","4 (2008, 2012, 2016, 2020)","POL"
